Sr_No,Customer_Name,Overview,Geographical_Presence,Product_Offering,Industry_Vertical,Cloud_Platforms,License_Ecosystem,Optimization_Type,Pain_Points,Trigger_Event,Key_Stakeholders,Cloud_Optimization_Potential,ELO_Optimization_Potential,Total_Optimization_Potential,Decision_Maker,Phone,Fax,Email,Website,Annual_IT_Spend_M,Current_Cloud_Spend_M,Current_License_Spend_M,Potential_Cloud_Savings_M,Potential_License_Savings_M,Total_Potential_Savings_M,Number_of_Employees,IT_Team_Size,Number_of_VMs,Physical_Servers,Number_of_Databases,Number_of_Applications,Microsoft_Licenses,SAP_Licenses,Oracle_Licenses,Azure_VMs,Azure_Storage_TB,Azure_Monthly_Spend_K,AWS_EC2_Instances,AWS_S3_Storage_TB,AWS_Monthly_Spend_K,GCP_VMs,GCP_Storage_TB,GCP_Monthly_Spend_K,Implementation_Cost_K,Monthly_Savings_K,ROI_Payback_Months,Last_Contact_Days_Ago,Engagement_Score
1,Coca-Cola Bottling Company UNITED,"Major independent Coca-Cola bottler handling beverage production, sales, marketing & distribution","HQ: Birmingham, AL; operates across Southeast U.S.","Manufacturing, distribution, supply chain management, retail execution, data & analytics",Food & Beverage,Microsoft Azure,"Microsoft 365, SAP ERP, Oracle Database",Both (Cloud FinOps + ELO),Modernizing legacy ERP/network; Need agility/visibility for global manufacturing and planning,SAP-to-Azure migration; adoption of SAP IBP & Azure ML/IoT in smart factories,"CIO, VP Cloud Platforms, Head of SAM/Procurement, Finance IT Director",26,14,40,VP Cloud Platforms,+1 (914) 704-7912,+1 (205) 130-2535,contact@coca-colabottlingcom.com,www.coca-colabottlingcom.com,161,35.39,51.59,9.2,7.22,16.42,57124,2369,4964,479,132,1019,43618,9215,156,1754,462,2949.2,0,0,0.0,0,0,0.0,90,1368.3,0.1,179,7
2,"PepsiCo, Inc.",Leading U.S. food & beverage company with global brands; large U.S. footprint in manufacturing,"HQ: Purchase, NY; operates across Northeast U.S.","Manufacturing, distribution, supply chain management, retail execution, data & analytics",Food & Beverage / CPG,Google Cloud Platform,"Oracle Cloud, SAP, Microsoft",Cloud FinOps,Managing legacy Oracle licenses while migrating to cloud; compliance and cost visibility gaps,Strategic Azure partnership to migrate data estate and SAP; Azure ML deployment in U.S. markets,"CIO, IT Infrastructure Lead, Data & Analytics Director, Finance Transformation Manager",21,0,21,Chief Technology Officer,+1 (914) 467-6635,+1 (513) 926-1711,contact@pepsicoinc.com,www.pepsicoinc.com,423,121.75,95.16,25.57,0.0,25.57,104230,2331,2901,693,205,1282,30203,23187,2329,0,0,0.0,0,0,0.0,0,0,0.0,61,2130.8,0.0,170,4
3,Halliburton Company,U.S. oilfield services & technology leader serving upstream energy operators,"HQ: Houston, TX; operates across South Central U.S.","Oilfield services, digital operations, subsurface software, enterprise applications",Energy / Oil & Gas Services,AWS (Amazon Web Services),"Oracle Cloud, SAP, Microsoft",Both (Cloud FinOps + ELO),Managing massive data/analytics workloads and modernizing ERP; Need cost control & governance at scale,AWS Enterprise Agreement renewal; negotiating better rates based on commitment,"CIO, VP Digital/IT, Head of Cloud Transformation, Global Procurement (IT)",28,13,41,VP Infrastructure,+1 (732) 266-7065,+1 (732) 314-5374,contact@halliburtoncompany.com,www.halliburtoncompany.com,409,176.28,134.81,49.36,17.53,66.89,49862,1796,2505,217,256,877,22691,10585,9175,0,0,0.0,649,400,14690.0,0,0,0.0,133,5574.2,0.0,15,4
4,Kennametal Inc.,U.S. manufacturer of tooling and industrial materials; operates smart factories,"HQ: Pittsburgh, PA; operates across Northeast U.S.","Manufacturing operations, smart factory systems, supply chain, ERP systems",Industrial Manufacturing,AWS (Amazon Web Services),"Microsoft 365, SAP HANA, Power Platform",Enterprise License Optimization (ELO),Multi-cloud cost optimization and license compliance across distributed systems,Strategic Azure partnership to migrate data estate and SAP; Azure ML deployment in U.S. markets,"CIO, VP Cloud Platforms, Head of SAM/Procurement, Finance IT Director",0,18,18,VP IT Operations,+1 (412) 771-9179,+1 (479) 758-8517,contact@kennametalinc.com,www.kennametalinc.com,123,28.22,30.67,0.0,5.52,5.52,146289,4078,4009,647,224,841,62493,9165,16746,0,0,0.0,1210,96,2351.7,0,0,0.0,243,460.0,0.5,13,2
5,Procter & Gamble,"Consumer goods corporation with global brands in beauty, healthcare, and household products","HQ: Cincinnati, OH; operates across Midwest U.S.","Manufacturing, distribution, supply chain management, retail execution, data & analytics",Consumer Goods / CPG,AWS (Amazon Web Services),"Microsoft 365, SAP S/4HANA",Both (Cloud FinOps + ELO),SAP licensing complexity during cloud transformation; need visibility into actual usage vs. entitlements,AWS Enterprise Agreement renewal; negotiating better rates based on commitment,"CFO, VP IT Operations, Enterprise Architect, Procurement Director",24,11,35,VP Infrastructure,+1 (513) 666-1188,+1 (914) 798-9797,contact@procter&gamble.com,www.procter&gamble.com,434,99.84,142.44,23.96,15.67,39.63,34242,986,1795,514,21,639,21403,3027,4208,0,0,0.0,417,495,8320.0,0,0,0.0,210,3302.5,0.1,77,9
6,Johnson & Johnson,Pharmaceutical and consumer healthcare company with medical devices division,"HQ: New Brunswick, NJ; operates across Northeast U.S.","Healthcare services, pharmaceutical R&D, medical devices, patient systems",Healthcare / Pharmaceuticals,Multi-cloud (AWS + GCP),"Microsoft 365, Oracle E-Business Suite, IBM WebSphere",Cloud FinOps,"Data-center exit & application migration at scale - cost, performance, governance, and licensing alignment needs",Recent Oracle audit notice triggering compliance review and optimization initiative,"CFO, VP IT Operations, Enterprise Architect, Procurement Director",23,0,23,CIO,+1 (732) 600-1319,+1 (914) 471-6038,contact@johnson&johnson.com,www.johnson&johnson.com,172,28.79,64.6,6.62,0.0,6.62,25645,578,4481,120,292,357,9207,5504,3943,0,0,0.0,1325,134,2399.2,371,300,2399.2,273,551.7,0.5,156,7
7,Walmart Inc.,Multinational retail corporation operating hypermarkets and grocery stores,"HQ: Bentonville, AR; operates across South Central U.S.","Retail operations, e-commerce, supply chain, point-of-sale systems, analytics",Retail / E-commerce,AWS (Amazon Web Services),"Microsoft 365, Oracle E-Business Suite, IBM WebSphere",Enterprise License Optimization (ELO),Managing legacy Oracle licenses while migrating to cloud; compliance and cost visibility gaps,Microsoft EA renewal approaching; opportunity to rightsize M365 and Azure subscriptions,"CFO, VP IT Operations, Enterprise Architect, Procurement Director",0,18,18,VP Infrastructure,+1 (914) 353-4681,+1 (914) 446-1344,contact@walmartinc.com,www.walmartinc.com,351,110.98,111.51,0.0,20.07,20.07,6885,152,982,284,54,164,6760,776,195,0,0,0.0,1252,171,9248.3,0,0,0.0,121,1672.5,0.1,172,8
8,Ford Motor Company,Automotive manufacturer with global manufacturing and distribution,"HQ: Dearborn, MI; operates across Midwest U.S.","Manufacturing operations, smart factory systems, supply chain, ERP systems",Automotive / Manufacturing,AWS (Amazon Web Services),"Microsoft 365, SAP S/4HANA",Both (Cloud FinOps + ELO),SAP licensing complexity during cloud transformation; need visibility into actual usage vs. entitlements,SAP-to-Azure migration; adoption of SAP IBP & Azure ML/IoT in smart factories,"CIO, IT Infrastructure Lead, Data & Analytics Director, Finance Transformation Manager",18,17,35,VP Cloud Platforms,+1 (479) 462-7939,+1 (479) 578-1887,contact@fordmotorcompany.com,www.fordmotorcompany.com,394,136.34,129.72,24.54,22.05,46.59,20889,670,3279,161,147,492,8116,4493,3725,0,0,0.0,487,266,11361.7,0,0,0.0,96,3882.5,0.0,72,8
9,Delta Air Lines,Major U.S. airline with global operations and extensive IT infrastructure,"HQ: Atlanta, GA; operates across Southeast U.S.","Enterprise operations, digital transformation, IT infrastructure, analytics",Airlines / Transportation,AWS (Amazon Web Services),"Microsoft 365, SAP ERP, Oracle Database",Both (Cloud FinOps + ELO),Managing massive data/analytics workloads and modernizing ERP; Need cost control & governance at scale,SAP HANA migration and scale-up on Azure,"CFO, VP IT Operations, Enterprise Architect, Procurement Director",27,18,45,CIO,+1 (914) 871-4872,+1 (713) 516-8956,contact@deltaairlines.com,www.deltaairlines.com,296,63.38,82.94,17.11,14.93,32.04,20370,508,517,449,155,1031,9673,3565,2903,0,0,0.0,1696,451,5281.7,0,0,0.0,192,2670.0,0.1,170,8
10,Bank of America,Multinational investment bank and financial services company,"HQ: Charlotte, NC; operates across Southeast U.S.","Financial services, trading platforms, risk management, customer banking systems",Financial Services / Banking,AWS (Amazon Web Services),"Microsoft 365, Oracle E-Business Suite, IBM WebSphere",Enterprise License Optimization (ELO),"Need for scalable, cost-efficient infrastructure for high-volume SAP and automation at scale",SAP S/4HANA migration project kickoff; re-evaluating license requirements,"CFO, VP IT Operations, Enterprise Architect, Procurement Director",0,15,15,CIO,+1 (732) 158-1821,+1 (313) 614-9701,contact@bankofamerica.com,www.bankofamerica.com,130,21.72,39.2,0.0,5.88,5.88,53712,1184,1056,741,140,926,12856,15527,9383,0,0,0.0,704,346,1810.0,0,0,0.0,202,490.0,0.4,11,10
11,Caterpillar Inc.,"Manufacturer of construction and mining equipment, engines, and turbines","HQ: Peoria, IL; operates across Midwest U.S.","Manufacturing operations, smart factory systems, supply chain, ERP systems",Heavy Equipment / Manufacturing,Microsoft Azure,"AWS Services, Microsoft 365, Oracle",Enterprise License Optimization (ELO),Modernizing legacy ERP/network; Need agility/visibility for global manufacturing and planning,Oracle license renewal cycle; exploring license buyback and optimization strategies,"CIO, VP Cloud Platforms, Head of SAM/Procurement, Finance IT Director",0,16,16,CTO,+1 (479) 234-5915,+1 (313) 423-2188,contact@caterpillarinc.com,www.caterpillarinc.com,54,15.52,21.58,0.0,3.45,3.45,31209,692,2246,568,155,371,16436,1227,2051,956,195,1293.3,0,0,0.0,0,0,0.0,90,287.5,0.3,113,9
12,General Electric,"Multinational conglomerate with aviation, healthcare, and power divisions","HQ: Boston, MA; operates across Northeast U.S.","Enterprise operations, digital transformation, IT infrastructure, analytics",Industrial Conglomerate,Microsoft Azure,"Oracle Cloud, SAP, Microsoft",Both (Cloud FinOps + ELO),Multi-cloud cost optimization and license compliance across distributed systems,Strategic Azure partnership to migrate data estate and SAP; Azure ML deployment in U.S. markets,"CIO, VP Cloud Platforms, Head of SAM/Procurement, Finance IT Director",25,18,43,CTO,+1 (914) 209-3546,+1 (513) 388-4450,contact@generalelectric.com,www.generalelectric.com,417,105.44,140.74,26.36,25.33,51.69,74201,2609,2557,102,67,1399,60518,9166,772,207,220,8786.7,0,0,0.0,0,0,0.0,247,4307.5,0.1,34,5
13,3M Company,"Diversified technology company manufacturing industrial, safety and consumer products","HQ: St. Paul, MN; operates across Midwest U.S.","Product development, cloud services, R&D systems, enterprise platforms",Industrial / Technology,AWS (Amazon Web Services),"Microsoft 365, SAP, Oracle Database",Both (Cloud FinOps + ELO),Managing massive data/analytics workloads and modernizing ERP; Need cost control & governance at scale,Strategic Azure partnership to migrate data estate and SAP; Azure ML deployment in U.S. markets,"CIO, VP Cloud Platforms, Head of SAM/Procurement, Finance IT Director",23,10,33,CIO,+1 (732) 696-3426,+1 (479) 230-1685,contact@3mcompany.com,www.3mcompany.com,207,53.69,80.03,12.35,8.0,20.35,15458,726,2220,748,147,1465,6684,2997,2343,0,0,0.0,1991,258,4474.2,0,0,0.0,299,1695.8,0.2,159,3
14,Honeywell International,"Technology and manufacturing company serving aerospace, building, and materials","HQ: Charlotte, NC; operates across Southeast U.S.","Product development, cloud services, R&D systems, enterprise platforms",Aerospace / Technology,AWS (Amazon Web Services),"Microsoft 365, SAP S/4HANA",Cloud FinOps,"Need for scalable, cost-efficient infrastructure for high-volume SAP and automation at scale",Strategic Azure migration with Accenture/Avanade; cloud-first operating model,"CIO, VP Digital/IT, Head of Cloud Transformation, Global Procurement (IT)",24,0,24,Chief Technology Officer,+1 (412) 373-3608,+1 (914) 491-1634,contact@honeywellinternation.com,www.honeywellinternation.com,489,142.4,117.32,34.18,0.0,34.18,125665,3831,2364,278,32,1451,30313,26213,10806,0,0,0.0,770,492,11866.7,0,0,0.0,67,2848.3,0.0,72,6
15,Deere & Company,"Agricultural, construction, and forestry machinery manufacturer","HQ: Moline, IL; operates across Midwest U.S.","Manufacturing operations, smart factory systems, supply chain, ERP systems",Agriculture / Manufacturing,Microsoft Azure,"AWS Services, Microsoft 365, Oracle",Enterprise License Optimization (ELO),Managing massive data/analytics workloads and modernizing ERP; Need cost control & governance at scale,Multi-cloud expansion for disaster recovery and workload optimization,"CIO, VP Cloud Platforms, Head of SAM/Procurement, Finance IT Director",0,12,12,CTO,+1 (205) 211-8119,+1 (732) 846-6139,contact@deere&company.com,www.deere&company.com,273,90.6,82.52,0.0,9.9,9.9,105976,4979,2057,310,42,993,5221,17136,17693,1606,418,7550.0,0,0,0.0,0,0,0.0,290,825.0,0.4,172,4
16,Lockheed Martin,"Aerospace, defense, security, and advanced technologies company","HQ: Bethesda, MD; operates across Mid-Atlantic U.S.","Aerospace systems, defense programs, manufacturing, supply chain",Aerospace / Defense,Google Cloud Platform,"AWS Services, Microsoft 365, Oracle",Both (Cloud FinOps + ELO),Hybrid infrastructure creating licensing grey areas between on-prem perpetual and cloud subscription models,Oracle license renewal cycle; exploring license buyback and optimization strategies,"CIO, IT Infrastructure Lead, Data & Analytics Director, Finance Transformation Manager",25,15,40,CTO,+1 (513) 782-7691,+1 (732) 512-5844,contact@lockheedmartin.com,www.lockheedmartin.com,333,62.67,94.6,15.67,14.19,29.86,104390,4208,1925,680,174,931,76819,27419,63,0,0,0.0,0,0,0.0,0,0,0.0,127,2488.3,0.1,74,4
17,Starbucks Corporation,Coffeehouse chain with global presence and digital transformation initiatives,"HQ: Seattle, WA; operates across Pacific Northwest U.S.","Manufacturing, distribution, supply chain management, retail execution, data & analytics",Food & Beverage / Retail,Multi-cloud (Azure + AWS),"Microsoft, SAP, IBM Mainframe",Both (Cloud FinOps + ELO),Modernizing legacy ERP/network; Need agility/visibility for global manufacturing and planning,Recent Oracle audit notice triggering compliance review and optimization initiative,"CIO, VP Enterprise Apps, Head of Manufacturing IT/OT, SAM Lead",22,17,39,VP Digital,+1 (914) 390-9445,+1 (732) 195-4848,contact@starbuckscorporation.com,www.starbuckscorporation.com,394,95.79,142.36,21.07,24.2,45.27,43627,904,2505,536,57,1032,32160,10418,3235,1671,406,7982.5,986,303,7982.5,0,0,0.0,152,3772.5,0.0,63,3
18,CVS Health,Healthcare company with retail pharmacy and healthcare services,"HQ: Woonsocket, RI; operates across Northeast U.S.","Healthcare services, pharmaceutical R&D, medical devices, patient systems",Healthcare / Retail,Microsoft Azure,"Microsoft 365, SAP HANA, Power Platform",Both (Cloud FinOps + ELO),Modernizing legacy ERP/network; Need agility/visibility for global manufacturing and planning,Strategic Azure migration with Accenture/Avanade; cloud-first operating model,"CFO, VP IT Operations, Enterprise Architect, Procurement Director",27,16,43,VP Infrastructure,+1 (205) 670-5082,+1 (914) 567-3184,contact@cvshealth.com,www.cvshealth.com,460,133.12,140.86,35.94,22.54,58.48,88177,4276,4125,677,278,973,76810,14711,5265,1723,491,11093.3,0,0,0.0,0,0,0.0,171,4873.3,0.0,116,5
19,Target Corporation,General merchandise retailer with extensive supply chain operations,"HQ: Minneapolis, MN; operates across Midwest U.S.","Retail operations, e-commerce, supply chain, point-of-sale systems, analytics",Retail,AWS (Amazon Web Services),"Microsoft 365, Oracle E-Business Suite, IBM WebSphere",Enterprise License Optimization (ELO),Rising cloud costs post-migration; lack of granular cost allocation and chargeback mechanisms,SAP-to-Azure migration; adoption of SAP IBP & Azure ML/IoT in smart factories,"CIO, VP Digital/IT, Head of Cloud Transformation, Global Procurement (IT)",0,20,20,VP Infrastructure,+1 (914) 830-5681,+1 (412) 378-6502,contact@targetcorporation.com,www.targetcorporation.com,213,89.01,46.03,0.0,9.21,9.21,44539,1199,1751,773,129,231,32188,6778,5471,0,0,0.0,1311,288,7417.5,0,0,0.0,156,767.5,0.2,16,4
20,American Airlines Group,Major U.S. airline with global operations,"HQ: Fort Worth, TX; operates across South Central U.S.","Enterprise operations, digital transformation, IT infrastructure, analytics",Airlines / Transportation,AWS (Amazon Web Services),"AWS Services, Microsoft 365, Oracle",Both (Cloud FinOps + ELO),"Need for scalable, cost-efficient infrastructure for high-volume SAP and automation at scale",SAP S/4HANA migration project kickoff; re-evaluating license requirements,"CIO, VP Enterprise Apps, Head of Manufacturing IT/OT, SAM Lead",27,19,46,VP Infrastructure,+1 (205) 460-5892,+1 (479) 973-7865,contact@americanairlinesgrou.com,www.americanairlinesgrou.com,325,121.63,100.5,32.84,19.09,51.93,62812,2176,2735,496,268,159,30484,11114,11008,0,0,0.0,1590,458,10135.8,0,0,0.0,153,4327.5,0.0,43,8
21,Chevron Corporation,"Integrated energy company in oil, gas, and renewable energy","HQ: San Ramon, CA; operates across West Coast U.S.","Oilfield services, digital operations, subsurface software, enterprise applications",Energy / Oil & Gas,AWS (Amazon Web Services),"Microsoft 365, SAP HANA, Power Platform",Both (Cloud FinOps + ELO),"Need for scalable, cost-efficient infrastructure for high-volume SAP and automation at scale",Strategic Azure partnership to migrate data estate and SAP; Azure ML deployment in U.S. markets,"CIO, VP Enterprise Apps, Head of Manufacturing IT/OT, SAM Lead",24,19,43,VP Digital,+1 (313) 286-1823,+1 (513) 488-6363,contact@chevroncorporation.com,www.chevroncorporation.com,158,45.25,42.27,10.86,8.03,18.89,104385,2959,3953,308,61,1063,7540,24644,17725,0,0,0.0,306,229,3770.8,0,0,0.0,107,1574.2,0.1,167,2
22,Boeing Company,Aerospace company manufacturing commercial airplanes and defense systems,"HQ: Chicago, IL; operates across Midwest U.S.","Aerospace systems, defense programs, manufacturing, supply chain",Aerospace / Defense,AWS (Amazon Web Services),"Microsoft 365, SAP HANA, Power Platform",Both (Cloud FinOps + ELO),"Need for scalable, cost-efficient infrastructure for high-volume SAP and automation at scale",SAP S/4HANA migration project kickoff; re-evaluating license requirements,"CIO, VP Cloud Platforms, Head of SAM/Procurement, Finance IT Director",18,13,31,VP Enterprise Applications,+1 (713) 584-2874,+1 (412) 576-5198,contact@boeingcompany.com,www.boeingcompany.com,442,115.22,141.96,20.74,18.45,39.19,35024,1517,1841,368,75,1285,5841,5211,4766,0,0,0.0,1587,242,9601.7,0,0,0.0,151,3265.8,0.0,51,2
23,Nike Inc.,Athletic footwear and apparel company with global manufacturing,"HQ: Beaverton, OR; operates across Pacific Northwest U.S.","Retail operations, e-commerce, supply chain, point-of-sale systems, analytics",Retail / Consumer Goods,Multi-cloud (AWS + GCP),"Microsoft 365, Oracle E-Business Suite, IBM WebSphere",Both (Cloud FinOps + ELO),Hybrid infrastructure creating licensing grey areas between on-prem perpetual and cloud subscription models,Strategic Azure partnership to migrate data estate and SAP; Azure ML deployment in U.S. markets,"CFO, VP IT Operations, Enterprise Architect, Procurement Director",26,14,40,CIO,+1 (732) 645-8018,+1 (732) 170-9289,contact@nikeinc.com,www.nikeinc.com,381,96.15,140.94,25.0,19.73,44.73,133503,3092,3467,700,255,413,62080,11643,24095,0,0,0.0,1268,383,8012.5,376,277,8012.5,169,3727.5,0.0,112,10
24,Goldman Sachs,Investment banking and financial services company,"HQ: New York, NY; operates across Northeast U.S.","Financial services, trading platforms, risk management, customer banking systems",Financial Services / Investment Banking,Google Cloud Platform,"Microsoft, SAP, IBM Mainframe",Cloud FinOps,Multi-cloud cost optimization and license compliance across distributed systems,Microsoft EA renewal approaching; opportunity to rightsize M365 and Azure subscriptions,"CIO, VP Cloud Platforms, Head of SAM/Procurement, Finance IT Director",19,0,19,VP Infrastructure,+1 (479) 444-1470,+1 (313) 971-6325,contact@goldmansachs.com,www.goldmansachs.com,143,42.37,38.75,8.05,0.0,8.05,72725,2197,2763,619,25,1158,30042,2905,4004,0,0,0.0,0,0,0.0,0,0,0.0,234,670.8,0.3,105,8
25,Pfizer Inc.,"Pharmaceutical corporation with research, development, and manufacturing","HQ: New York, NY; operates across Northeast U.S.","Healthcare services, pharmaceutical R&D, medical devices, patient systems",Pharmaceuticals / Healthcare,Multi-cloud (AWS + GCP),"Microsoft 365, Oracle E-Business Suite, IBM WebSphere",Both (Cloud FinOps + ELO),Rising cloud costs post-migration; lack of granular cost allocation and chargeback mechanisms,SAP HANA migration and scale-up on Azure,"CIO, IT Infrastructure Lead, Data & Analytics Director, Finance Transformation Manager",25,17,42,CTO,+1 (412) 514-4986,+1 (513) 779-7046,contact@pfizerinc.com,www.pfizerinc.com,292,92.28,78.48,23.07,13.34,36.41,149281,4467,4217,327,176,614,65434,8007,23685,0,0,0.0,594,211,7690.0,222,124,7690.0,99,3034.2,0.0,56,8
26,Cisco Systems,Technology company specializing in networking hardware and software,"HQ: San Jose, CA; operates across West Coast U.S.","Product development, cloud services, R&D systems, enterprise platforms",Technology / Networking,Google Cloud Platform,"Oracle Cloud, SAP, Microsoft",Both (Cloud FinOps + ELO),Multi-cloud cost optimization and license compliance across distributed systems,SAP-to-Azure migration; adoption of SAP IBP & Azure ML/IoT in smart factories,"CIO, VP Digital/IT, Head of Cloud Transformation, Global Procurement (IT)",28,13,41,VP Digital,+1 (513) 114-9751,+1 (713) 380-1745,contact@ciscosystems.com,www.ciscosystems.com,77,24.33,26.14,6.81,3.4,10.21,38103,1491,4521,155,26,1275,23634,7790,3971,0,0,0.0,0,0,0.0,0,0,0.0,162,850.8,0.2,88,3
27,Intel Corporation,Semiconductor chip manufacturer with global operations,"HQ: Santa Clara, CA; operates across West Coast U.S.","Product development, cloud services, R&D systems, enterprise platforms",Technology / Semiconductors,Microsoft Azure,"Oracle Cloud, SAP, Microsoft",Both (Cloud FinOps + ELO),SAP licensing complexity during cloud transformation; need visibility into actual usage vs. entitlements,Microsoft EA renewal approaching; opportunity to rightsize M365 and Azure subscriptions,"CIO, IT Infrastructure Lead, Data & Analytics Director, Finance Transformation Manager",16,11,27,CIO,+1 (713) 252-5978,+1 (914) 354-2940,contact@intelcorporation.com,www.intelcorporation.com,335,127.08,107.62,20.33,11.84,32.17,64162,2776,3616,511,246,708,61371,14151,5053,1364,367,10590.0,0,0,0.0,0,0,0.0,65,2680.8,0.0,157,2
28,Verizon Communications,Telecommunications company providing wireless and wireline services,"HQ: New York, NY; operates across Northeast U.S.","Enterprise operations, digital transformation, IT infrastructure, analytics",Telecommunications,AWS (Amazon Web Services),"Microsoft 365, Oracle E-Business Suite, IBM WebSphere",Cloud FinOps,Managing massive data/analytics workloads and modernizing ERP; Need cost control & governance at scale,Strategic Azure migration with Accenture/Avanade; cloud-first operating model,"CIO, VP Cloud Platforms, Head of SAM/Procurement, Finance IT Director",22,0,22,VP Digital,+1 (914) 260-1043,+1 (479) 561-8699,contact@verizoncommunication.com,www.verizoncommunication.com,199,31.8,51.27,7.0,0.0,7.0,79112,3250,4219,122,139,641,30928,14030,1930,0,0,0.0,1315,165,2650.0,0,0,0.0,215,583.3,0.4,39,5
29,Marriott International,Hospitality company operating hotels and resorts worldwide,"HQ: Bethesda, MD; operates across Mid-Atlantic U.S.","Enterprise operations, digital transformation, IT infrastructure, analytics",Hospitality / Travel,AWS (Amazon Web Services),"Microsoft 365, SAP S/4HANA",Both (Cloud FinOps + ELO),Multi-cloud cost optimization and license compliance across distributed systems,SAP S/4HANA migration project kickoff; re-evaluating license requirements,"CFO, VP IT Operations, Enterprise Architect, Procurement Director",15,12,27,CTO,+1 (313) 227-8679,+1 (513) 816-7594,contact@marriottinternationa.com,www.marriottinternationa.com,189,56.73,56.47,8.51,6.78,15.29,26087,989,4039,380,148,152,7992,1975,4762,0,0,0.0,1402,60,4727.5,0,0,0.0,245,1274.2,0.2,173,5
30,FedEx Corporation,Logistics and transportation company with global delivery network,"HQ: Memphis, TN; operates across South Central U.S.","Enterprise operations, digital transformation, IT infrastructure, analytics",Logistics / Transportation,Multi-cloud (AWS + GCP),"Microsoft 365, SAP HANA, Power Platform",Cloud FinOps,Oracle license audit risk; need comprehensive asset management and compliance tracking,Microsoft EA renewal approaching; opportunity to rightsize M365 and Azure subscriptions,"CIO, VP Digital/IT, Head of Cloud Transformation, Global Procurement (IT)",25,0,25,VP Digital,+1 (479) 750-9056,+1 (914) 581-6700,contact@fedexcorporation.com,www.fedexcorporation.com,259,64.75,86.51,16.19,0.0,16.19,47159,1409,4558,345,225,1226,7404,7551,1492,0,0,0.0,844,179,5395.8,431,89,5395.8,298,1349.2,0.2,104,9
31,Rise Systems LLC,Leading food & beverage company with operations across Northeast U.S.,HQ: New York, NY; operates across Northeast U.S.,Enterprise operations, digital transformation, IT infrastructure, analytics,Food & Beverage,Google Cloud Platform,Oracle Cloud, SAP, Microsoft,Cloud FinOps,Managing legacy Oracle licenses while migrating to cloud; compliance and cost visibility gaps,Strategic Azure partnership to migrate data estate and SAP; Azure ML deployment in U.S. markets,CIO, VP Cloud Platforms, Head of SAM/Procurement, Finance IT Director,33,0,33,VP Enterprise Applications,+1-417-503-1527,+1-541-689-1713,contact@risesystemsllc.com,www.risesystemsllc.com,267.00,133.50,120.15,44.05,0.00,44.05,36000,1620,2050,360,175,720,32400,7199,2159,0,0.0,0.0,0,0.0,0.0,0,0.0,0.0,60,3671.2,0.0,93,3
32,Peak Corporation LLC,Leading food & beverage / cpg company with operations across South Central U.S.,HQ: Houston, TX; operates across South Central U.S.,Enterprise operations, digital transformation, IT infrastructure, analytics,Food & Beverage / CPG,AWS (Amazon Web Services),Microsoft 365, SAP HANA, Power Platform,Enterprise License Optimization (ELO),Managing massive data/analytics workloads and modernizing ERP; Need cost control & governance at scale,AWS Enterprise Agreement renewal; negotiating better rates based on commitment,CIO, VP Cloud Platforms, Head of SAM/Procurement, Finance IT Director,36,10,46,VP Cloud Platforms,+1-424-516-1544,+1-552-708-1736,contact@peakcorporationllc.com,www.peakcorporationllc.com,274.00,54.80,54.80,19.73,5.48,25.21,37000,370,2100,370,180,740,14800,1850,3330,0,0.0,0.0,1260,420.0,43840.0,0,0.0,0.0,70,2100.7,0.0,96,5
33,Summit Technologies LLC,Leading energy / oil & gas services company with operations across Midwest U.S.,HQ: Chicago, IL; operates across Midwest U.S.,Enterprise operations, digital transformation, IT infrastructure, analytics,Energy / Oil & Gas Services,Multi-cloud (AWS + GCP),AWS Services, Microsoft 365, Oracle,Both (Cloud FinOps + ELO),Multi-cloud cost optimization and license compliance across distributed systems,Microsoft EA renewal approaching; opportunity to rightsize M365 and Azure subscriptions,CIO, VP Cloud Platforms, Head of SAM/Procurement, Finance IT Director,39,15,54,Chief Technology Officer,+1-431-529-1561,+1-563-727-1759,contact@summittechnologiesllc.com,www.summittechnologiesllc.com,281.00,84.30,84.30,32.88,12.65,45.52,38000,570,2150,380,185,760,22800,3800,4560,0,0.0,0.0,1720,430.0,33720.0,0,0.0,0.0,80,3793.5,0.0,99,7
34,Crest Solutions LLC,Leading industrial manufacturing company with operations across West Coast U.S.,HQ: Los Angeles, CA; operates across West Coast U.S.,Enterprise operations, digital transformation, IT infrastructure, analytics,Industrial Manufacturing,Multi-cloud (Azure + AWS),Microsoft 365, Oracle E-Business Suite, IBM WebSphere,Cloud FinOps,SAP licensing complexity during cloud transformation; need visibility into actual usage vs. entitlements,Recent Oracle audit notice triggering compliance review and optimization initiative,CIO, VP Cloud Platforms, Head of SAM/Procurement, Finance IT Director,17,0,17,VP Infrastructure,+1-438-542-1578,+1-574-746-1782,contact@crestsolutionsllc.com,www.crestsolutionsllc.com,288.00,115.20,115.20,19.58,0.00,19.58,39000,780,2200,390,190,780,31200,5850,5850,1320,440.0,69120.0,0,0.0,0.0,0,0.0,0.0,90,1632.0,0.1,102,9
35,Crown Industries LLC,Leading consumer goods / cpg company with operations across Pacific Northwest U.S.,HQ: Seattle, WA; operates across Pacific Northwest U.S.,Enterprise operations, digital transformation, IT infrastructure, analytics,Consumer Goods / CPG,Microsoft Azure,Microsoft 365, SAP S/4HANA,Enterprise License Optimization (ELO),Data-center exit & application migration at scale - cost, performance, governance, and licensing alignment needs,SAP HANA migration and scale-up on Azure,CIO, VP Cloud Platforms, Head of SAM/Procurement, Finance IT Director,20,25,45,VP IT Operations,+1-445-555-1595,+1-585-765-1805,contact@crownindustriesllc.com,www.crownindustriesllc.com,295.00,147.50,44.25,29.50,11.06,40.56,40000,1000,2250,400,195,800,12000,7999,1200,1799,450.0,118000.0,0,0.0,0.0,0,0.0,0.0,100,3380.2,0.0,105,1
36,Royal Systems LLC,Leading healthcare / pharmaceuticals company with operations across Mid-Atlantic U.S.,HQ: Philadelphia, PA; operates across Mid-Atlantic U.S.,Enterprise operations, digital transformation, IT infrastructure, analytics,Healthcare / Pharmaceuticals,Google Cloud Platform,Microsoft, SAP, IBM Mainframe,Both (Cloud FinOps + ELO),Rising cloud costs post-migration; lack of granular cost allocation and chargeback mechanisms,SAP S/4HANA migration project kickoff; re-evaluating license requirements,CIO, VP Cloud Platforms, Head of SAM/Procurement, Finance IT Director,23,10,33,CIO,+1-452-568-1612,+1-596-784-1828,contact@royalsystemsllc.com,www.royalsystemsllc.com,302.00,181.20,75.50,41.68,7.55,49.23,41000,1229,2300,410,200,820,20500,10249,2460,0,0.0,0.0,0,0.0,0.0,0,0.0,0.0,110,4102.2,0.0,108,3
37,Noble Corporation LLC,Leading retail / e-commerce company with operations across Southwest U.S.,HQ: Phoenix, AZ; operates across Southwest U.S.,Enterprise operations, digital transformation, IT infrastructure, analytics,Retail / E-commerce,AWS (Amazon Web Services),Oracle Cloud, SAP, Microsoft,Cloud FinOps,Hybrid infrastructure creating licensing grey areas between on-prem perpetual and cloud subscription models,Oracle license renewal cycle; exploring license buyback and optimization strategies,CIO, VP Cloud Platforms, Head of SAM/Procurement, Finance IT Director,26,0,26,CTO,+1-459-581-1629,+1-607-803-1851,contact@noblecorporationllc.com,www.noblecorporationllc.com,309.00,92.70,108.15,24.10,0.00,24.10,42000,1469,2350,420,205,840,29400,4200,3779,0,0.0,0.0,1879,470.0,55620.0,0,0.0,0.0,120,2008.5,0.1,111,5
38,Prestige Technologies LLC,Leading automotive / manufacturing company with operations across South Central U.S.,HQ: Dallas, TX; operates across South Central U.S.,Enterprise operations, digital transformation, IT infrastructure, analytics,Automotive / Manufacturing,Multi-cloud (AWS + GCP),Microsoft 365, SAP ERP, Oracle Database,Enterprise License Optimization (ELO),Need for scalable, cost-efficient infrastructure for high-volume SAP and automation at scale,Strategic Azure migration with Accenture/Avanade; cloud-first operating model,CIO, VP Cloud Platforms, Head of SAM/Procurement, Finance IT Director,29,20,49,VP Digital,+1-466-594-1646,+1-618-822-1874,contact@prestigetechnologiesllc.com,www.prestigetechnologiesllc.com,316.00,126.40,142.20,36.66,28.44,65.10,43000,1720,2400,430,210,860,38700,6450,5159,0,0.0,0.0,1440,480.0,101120.0,0,0.0,0.0,130,5424.7,0.0,114,7
39,Elite Solutions LLC,Leading airlines / transportation company with operations across Northeast U.S.,HQ: Boston, MA; operates across Northeast U.S.,Enterprise operations, digital transformation, IT infrastructure, analytics,Airlines / Transportation,Multi-cloud (Azure + AWS),AWS Services, Microsoft 365, Oracle,Both (Cloud FinOps + ELO),Oracle license audit risk; need comprehensive asset management and compliance tracking,Multi-cloud expansion for disaster recovery and workload optimization,CIO, VP Cloud Platforms, Head of SAM/Procurement, Finance IT Director,32,25,57,VP Enterprise Applications,+1-473-607-1663,+1-629-841-1897,contact@elitesolutionsllc.com,www.elitesolutionsllc.com,323.00,161.50,64.60,51.68,16.15,67.83,44000,1980,2450,440,215,880,17600,8800,6599,1960,490.0,64600.0,0,0.0,0.0,0,0.0,0.0,140,5652.5,0.0,117,9
40,Premium Industries LLC,Leading financial services / banking company with operations across Southeast U.S.,HQ: Atlanta, GA; operates across Southeast U.S.,Enterprise operations, digital transformation, IT infrastructure, analytics,Financial Services / Banking,Microsoft Azure,Microsoft 365, SAP ERP, Oracle Database,Cloud FinOps,Modernizing legacy ERP/network; Need agility/visibility for global manufacturing and planning,SAP-to-Azure migration; adoption of SAP IBP & Azure ML/IoT in smart factories,CIO, VP Cloud Platforms, Head of SAM/Procurement, Finance IT Director,35,0,35,VP Cloud Platforms,+1-480-620-1680,+1-640-860-1920,contact@premiumindustriesllc.com,www.premiumindustriesllc.com,330.00,198.00,99.00,69.30,0.00,69.30,45000,450,2500,450,220,900,27000,11249,1350,2499,500.0,118800.0,0,0.0,0.0,0,0.0,0.0,150,5775.0,0.0,120,1
41,Select Systems LLC,Leading heavy equipment / manufacturing company with operations across Northeast U.S.,HQ: New York, NY; operates across Northeast U.S.,Enterprise operations, digital transformation, IT infrastructure, analytics,Heavy Equipment / Manufacturing,Google Cloud Platform,Oracle Cloud, SAP, Microsoft,Enterprise License Optimization (ELO),Managing legacy Oracle licenses while migrating to cloud; compliance and cost visibility gaps,Strategic Azure partnership to migrate data estate and SAP; Azure ML deployment in U.S. markets,CIO, VP Cloud Platforms, Head of SAM/Procurement, Finance IT Director,38,15,53,Chief Technology Officer,+1-487-633-1697,+1-651-879-1943,contact@selectsystemsllc.com,www.selectsystemsllc.com,337.00,101.10,134.80,38.42,20.22,58.64,46000,690,2550,460,225,920,36800,4600,2760,0,0.0,0.0,0,0.0,0.0,0,0.0,0.0,160,4886.5,0.0,123,3
42,Prime Corporation LLC,Leading industrial conglomerate company with operations across South Central U.S.,HQ: Houston, TX; operates across South Central U.S.,Enterprise operations, digital transformation, IT infrastructure, analytics,Industrial Conglomerate,AWS (Amazon Web Services),Microsoft 365, SAP HANA, Power Platform,Both (Cloud FinOps + ELO),Managing massive data/analytics workloads and modernizing ERP; Need cost control & governance at scale,AWS Enterprise Agreement renewal; negotiating better rates based on commitment,CIO, VP Cloud Platforms, Head of SAM/Procurement, Finance IT Director,16,20,36,VP Infrastructure,+1-494-646-1714,+1-662-898-1966,contact@primecorporationllc.com,www.primecorporationllc.com,344.00,137.60,51.60,22.02,10.32,32.34,47000,939,2600,470,230,940,14100,7049,4230,0,0.0,0.0,2599,520.0,55040.0,0,0.0,0.0,170,2694.7,0.1,126,5
43,Superior Technologies LLC,Leading industrial / technology company with operations across Midwest U.S.,HQ: Chicago, IL; operates across Midwest U.S.,Enterprise operations, digital transformation, IT infrastructure, analytics,Industrial / Technology,Multi-cloud (AWS + GCP),AWS Services, Microsoft 365, Oracle,Cloud FinOps,Multi-cloud cost optimization and license compliance across distributed systems,Microsoft EA renewal approaching; opportunity to rightsize M365 and Azure subscriptions,CIO, VP Cloud Platforms, Head of SAM/Procurement, Finance IT Director,19,0,19,VP IT Operations,+1-501-659-1731,+1-673-917-1989,contact@superiortechnologiesllc.com,www.superiortechnologiesllc.com,351.00,175.50,87.75,33.34,0.00,33.34,48000,1199,2650,480,235,960,24000,9599,5760,0,0.0,0.0,2119,530.0,105300.0,0,0.0,0.0,180,2778.7,0.1,129,7
44,Ultimate Solutions LLC,Leading aerospace / technology company with operations across West Coast U.S.,HQ: Los Angeles, CA; operates across West Coast U.S.,Enterprise operations, digital transformation, IT infrastructure, analytics,Aerospace / Technology,Multi-cloud (Azure + AWS),Microsoft 365, Oracle E-Business Suite, IBM WebSphere,Enterprise License Optimization (ELO),SAP licensing complexity during cloud transformation; need visibility into actual usage vs. entitlements,Recent Oracle audit notice triggering compliance review and optimization initiative,CIO, VP Cloud Platforms, Head of SAM/Procurement, Finance IT Director,22,10,32,CIO,+1-508-672-1748,+1-684-936-2012,contact@ultimatesolutionsllc.com,www.ultimatesolutionsllc.com,358.00,71.60,125.30,15.75,12.53,28.28,49000,1470,2700,490,240,980,34300,2450,7349,1620,540.0,57280.0,0,0.0,0.0,0,0.0,0.0,190,2356.8,0.1,132,9
45,Supreme Industries LLC,Leading agriculture / manufacturing company with operations across Pacific Northwest U.S.,HQ: Seattle, WA; operates across Pacific Northwest U.S.,Enterprise operations, digital transformation, IT infrastructure, analytics,Agriculture / Manufacturing,Microsoft Azure,Microsoft 365, SAP S/4HANA,Both (Cloud FinOps + ELO),Data-center exit & application migration at scale - cost, performance, governance, and licensing alignment needs,SAP HANA migration and scale-up on Azure,CIO, VP Cloud Platforms, Head of SAM/Procurement, Finance IT Director,25,15,40,CTO,+1-515-685-1765,+1-695-955-2035,contact@supremeindustriesllc.com,www.supremeindustriesllc.com,365.00,109.50,164.25,27.37,24.64,52.01,50000,1750,2750,500,245,1000,45000,4999,8999,2199,550.0,43800.0,0,0.0,0.0,0,0.0,0.0,200,4334.4,0.0,135,1
46,Maximum Systems LLC,Leading aerospace / defense company with operations across Mid-Atlantic U.S.,HQ: Philadelphia, PA; operates across Mid-Atlantic U.S.,Enterprise operations, digital transformation, IT infrastructure, analytics,Aerospace / Defense,Google Cloud Platform,Microsoft, SAP, IBM Mainframe,Cloud FinOps,Rising cloud costs post-migration; lack of granular cost allocation and chargeback mechanisms,SAP S/4HANA migration project kickoff; re-evaluating license requirements,CIO, VP Cloud Platforms, Head of SAM/Procurement, Finance IT Director,28,0,28,VP Digital,+1-522-698-1782,+1-706-974-2058,contact@maximumsystemsllc.com,www.maximumsystemsllc.com,372.00,148.80,74.40,41.66,0.00,41.66,51000,2040,2800,510,250,1020,20400,7650,3059,0,0.0,0.0,0,0.0,0.0,0,0.0,0.0,210,3472.0,0.1,138,3
47,Optimal Corporation LLC,Leading food & beverage / retail company with operations across Southwest U.S.,HQ: Phoenix, AZ; operates across Southwest U.S.,Enterprise operations, digital transformation, IT infrastructure, analytics,Food & Beverage / Retail,AWS (Amazon Web Services),Oracle Cloud, SAP, Microsoft,Enterprise License Optimization (ELO),Hybrid infrastructure creating licensing grey areas between on-prem perpetual and cloud subscription models,Oracle license renewal cycle; exploring license buyback and optimization strategies,CIO, VP Cloud Platforms, Head of SAM/Procurement, Finance IT Director,31,25,56,VP Enterprise Applications,+1-529-711-1799,+1-717-993-2081,contact@optimalcorporationllc.com,www.optimalcorporationllc.com,379.00,189.50,113.70,58.74,28.43,87.17,52000,2340,2850,520,255,1040,31200,10399,4679,0,0.0,0.0,2279,570.0,151600.0,0,0.0,0.0,220,7264.2,0.0,141,5
48,Perfect Technologies LLC,Leading healthcare / retail company with operations across South Central U.S.,HQ: Dallas, TX; operates across South Central U.S.,Enterprise operations, digital transformation, IT infrastructure, analytics,Healthcare / Retail,Multi-cloud (AWS + GCP),Microsoft 365, SAP ERP, Oracle Database,Both (Cloud FinOps + ELO),Need for scalable, cost-efficient infrastructure for high-volume SAP and automation at scale,Strategic Azure migration with Accenture/Avanade; cloud-first operating model,CIO, VP Cloud Platforms, Head of SAM/Procurement, Finance IT Director,34,10,44,VP Cloud Platforms,+1-536-724-1816,+1-728-112-2104,contact@perfecttechnologiesllc.com,www.perfecttechnologiesllc.com,386.00,77.20,154.40,26.25,15.44,41.69,53000,2649,2900,530,260,1060,42400,2650,6360,0,0.0,0.0,1740,580.0,30880.0,0,0.0,0.0,230,3474.0,0.1,144,7
49,Ideal Solutions LLC,Leading retail company with operations across Northeast U.S.,HQ: Boston, MA; operates across Northeast U.S.,Enterprise operations, digital transformation, IT infrastructure, analytics,Retail,Multi-cloud (Azure + AWS),AWS Services, Microsoft 365, Oracle,Cloud FinOps,Oracle license audit risk; need comprehensive asset management and compliance tracking,Multi-cloud expansion for disaster recovery and workload optimization,CIO, VP Cloud Platforms, Head of SAM/Procurement, Finance IT Director,37,0,37,Chief Technology Officer,+1-543-737-1833,+1-739-131-2127,contact@idealsolutionsllc.com,www.idealsolutionsllc.com,393.00,117.90,58.95,43.62,0.00,43.62,54000,809,2950,540,265,1080,16200,5400,8100,2360,590.0,70740.0,0,0.0,0.0,0,0.0,0.0,240,3635.3,0.1,147,9
50,Finest Industries LLC,Leading energy / oil & gas company with operations across Southeast U.S.,HQ: Atlanta, GA; operates across Southeast U.S.,Enterprise operations, digital transformation, IT infrastructure, analytics,Energy / Oil & Gas,Microsoft Azure,Microsoft 365, SAP ERP, Oracle Database,Enterprise License Optimization (ELO),Modernizing legacy ERP/network; Need agility/visibility for global manufacturing and planning,SAP-to-Azure migration; adoption of SAP IBP & Azure ML/IoT in smart factories,CIO, VP Cloud Platforms, Head of SAM/Procurement, Finance IT Director,15,20,35,VP Infrastructure,+1-550-750-1850,+1-750-150-2150,contact@finestindustriesllc.com,www.finestindustriesllc.com,400.00,160.00,100.00,24.00,20.00,44.00,55000,1099,3000,550,270,1100,27500,8249,1650,2999,100.0,128000.0,0,0.0,0.0,0,0.0,0.0,250,3666.7,0.1,150,1
51,Best Systems LLC,Leading technology / networking company with operations across Northeast U.S.,HQ: New York, NY; operates across Northeast U.S.,Enterprise operations, digital transformation, IT infrastructure, analytics,Technology / Networking,Google Cloud Platform,Oracle Cloud, SAP, Microsoft,Both (Cloud FinOps + ELO),Managing legacy Oracle licenses while migrating to cloud; compliance and cost visibility gaps,Strategic Azure partnership to migrate data estate and SAP; Azure ML deployment in U.S. markets,CIO, VP Cloud Platforms, Head of SAM/Procurement, Finance IT Director,18,25,43,VP IT Operations,+1-557-763-1867,+1-761-169-2173,contact@bestsystemsllc.com,www.bestsystemsllc.com,407.00,203.50,142.45,36.63,35.61,72.24,56000,1400,3050,560,275,1120,39200,11200,3360,0,0.0,0.0,0,0.0,0.0,0,0.0,0.0,260,6020.2,0.0,153,3
52,Top Corporation LLC,Leading technology / semiconductors company with operations across South Central U.S.,HQ: Houston, TX; operates across South Central U.S.,Enterprise operations, digital transformation, IT infrastructure, analytics,Technology / Semiconductors,AWS (Amazon Web Services),Microsoft 365, SAP HANA, Power Platform,Cloud FinOps,Managing massive data/analytics workloads and modernizing ERP; Need cost control & governance at scale,AWS Enterprise Agreement renewal; negotiating better rates based on commitment,CIO, VP Cloud Platforms, Head of SAM/Procurement, Finance IT Director,21,0,21,CIO,+1-564-776-1884,+1-772-188-2196,contact@topcorporationllc.com,www.topcorporationllc.com,414.00,248.40,186.30,52.16,0.00,52.16,57000,1710,3100,570,280,1140,51300,14249,5130,0,0.0,0.0,3099,120.0,149040.0,0,0.0,0.0,270,4347.0,0.1,156,5
53,Leading Technologies LLC,Leading telecommunications company with operations across Midwest U.S.,HQ: Chicago, IL; operates across Midwest U.S.,Enterprise operations, digital transformation, IT infrastructure, analytics,Telecommunications,Multi-cloud (AWS + GCP),AWS Services, Microsoft 365, Oracle,Enterprise License Optimization (ELO),Multi-cloud cost optimization and license compliance across distributed systems,Microsoft EA renewal approaching; opportunity to rightsize M365 and Azure subscriptions,CIO, VP Cloud Platforms, Head of SAM/Procurement, Finance IT Director,24,15,39,CTO,+1-571-789-1901,+1-783-207-2219,contact@leadingtechnologiesllc.com,www.leadingtechnologiesllc.com,421.00,126.30,84.20,30.31,12.63,42.94,58000,2030,3150,580,285,1160,23200,5800,6959,0,0.0,0.0,2520,130.0,101040.0,0,0.0,0.0,280,3578.5,0.1,159,7
54,Foremost Solutions LLC,Leading hospitality / travel company with operations across West Coast U.S.,HQ: Los Angeles, CA; operates across West Coast U.S.,Enterprise operations, digital transformation, IT infrastructure, analytics,Hospitality / Travel,Multi-cloud (Azure + AWS),Microsoft 365, Oracle E-Business Suite, IBM WebSphere,Both (Cloud FinOps + ELO),SAP licensing complexity during cloud transformation; need visibility into actual usage vs. entitlements,Recent Oracle audit notice triggering compliance review and optimization initiative,CIO, VP Cloud Platforms, Head of SAM/Procurement, Finance IT Director,27,20,47,VP Digital,+1-578-802-1918,+1-794-226-2242,contact@foremostsolutionsllc.com,www.foremostsolutionsllc.com,428.00,171.20,128.40,46.22,25.68,71.90,59000,2360,3200,590,290,1180,35400,8850,8849,1920,140.0,68480.0,0,0.0,0.0,0,0.0,0.0,290,5992.0,0.0,162,9
55,Primary Industries LLC,Leading logistics / transportation company with operations across Pacific Northwest U.S.,HQ: Seattle, WA; operates across Pacific Northwest U.S.,Enterprise operations, digital transformation, IT infrastructure, analytics,Logistics / Transportation,Microsoft Azure,Microsoft 365, SAP S/4HANA,Cloud FinOps,Data-center exit & application migration at scale - cost, performance, governance, and licensing alignment needs,SAP HANA migration and scale-up on Azure,CIO, VP Cloud Platforms, Head of SAM/Procurement, Finance IT Director,30,0,30,VP Enterprise Applications,+1-585-815-1935,+1-805-245-2265,contact@primaryindustriesllc.com,www.primaryindustriesllc.com,435.00,217.50,174.00,65.25,0.00,65.25,60000,2700,3250,600,295,1200,48000,11999,10799,2599,150.0,130500.0,0,0.0,0.0,0,0.0,0.0,300,5437.5,0.1,165,1
56,Main Systems LLC,Leading pharmaceuticals / healthcare company with operations across Mid-Atlantic U.S.,HQ: Philadelphia, PA; operates across Mid-Atlantic U.S.,Enterprise operations, digital transformation, IT infrastructure, analytics,Pharmaceuticals / Healthcare,Google Cloud Platform,Microsoft, SAP, IBM Mainframe,Enterprise License Optimization (ELO),Rising cloud costs post-migration; lack of granular cost allocation and chargeback mechanisms,SAP S/4HANA migration project kickoff; re-evaluating license requirements,CIO, VP Cloud Platforms, Head of SAM/Procurement, Finance IT Director,33,10,43,VP Cloud Platforms,+1-592-828-1952,+1-816-264-2288,contact@mainsystemsllc.com,www.mainsystemsllc.com,442.00,88.40,66.30,29.17,6.63,35.80,61000,610,3300,610,300,1220,18300,3050,3660,0,0.0,0.0,0,0.0,0.0,0,0.0,0.0,310,2983.5,0.1,168,3
57,Central Corporation LLC,Leading financial services / investment banking company with operations across Southwest U.S.,HQ: Phoenix, AZ; operates across Southwest U.S.,Enterprise operations, digital transformation, IT infrastructure, analytics,Financial Services / Investment Banking,AWS (Amazon Web Services),Oracle Cloud, SAP, Microsoft,Both (Cloud FinOps + ELO),Hybrid infrastructure creating licensing grey areas between on-prem perpetual and cloud subscription models,Oracle license renewal cycle; exploring license buyback and optimization strategies,CIO, VP Cloud Platforms, Head of SAM/Procurement, Finance IT Director,36,15,51,Chief Technology Officer,+1-599-841-1969,+1-827-283-2311,contact@centralcorporationllc.com,www.centralcorporationllc.com,449.00,134.70,112.25,48.49,16.84,65.33,62000,930,3350,620,305,1240,31000,6199,5580,0,0.0,0.0,2679,170.0,53880.0,0,0.0,0.0,320,5444.1,0.1,171,5
58,Key Technologies LLC,Leading technology company with operations across South Central U.S.,HQ: Dallas, TX; operates across South Central U.S.,Enterprise operations, digital transformation, IT infrastructure, analytics,Technology,Multi-cloud (AWS + GCP),Microsoft 365, SAP ERP, Oracle Database,Cloud FinOps,Need for scalable, cost-efficient infrastructure for high-volume SAP and automation at scale,Strategic Azure migration with Accenture/Avanade; cloud-first operating model,CIO, VP Cloud Platforms, Head of SAM/Procurement, Finance IT Director,39,0,39,VP Infrastructure,+1-606-854-1986,+1-838-302-2334,contact@keytechnologiesllc.com,www.keytechnologiesllc.com,456.00,182.40,159.60,71.14,0.00,71.14,63000,1259,3400,630,310,1260,44100,9450,7560,0,0.0,0.0,2040,180.0,109440.0,0,0.0,0.0,330,5928.0,0.1,174,7
59,Essential Solutions LLC,Leading manufacturing company with operations across Northeast U.S.,HQ: Boston, MA; operates across Northeast U.S.,Enterprise operations, digital transformation, IT infrastructure, analytics,Manufacturing,Multi-cloud (Azure + AWS),AWS Services, Microsoft 365, Oracle,Enterprise License Optimization (ELO),Oracle license audit risk; need comprehensive asset management and compliance tracking,Multi-cloud expansion for disaster recovery and workload optimization,CIO, VP Cloud Platforms, Head of SAM/Procurement, Finance IT Director,17,25,42,VP IT Operations,+1-613-867-2003,+1-849-321-2357,contact@essentialsolutionsllc.com,www.essentialsolutionsllc.com,463.00,231.50,208.35,39.36,52.09,91.44,64000,1599,3450,640,315,1280,57600,12800,9600,2760,190.0,185200.0,0,0.0,0.0,0,0.0,0.0,340,7620.2,0.0,177,9
60,Vital Industries LLC,Leading healthcare company with operations across Southeast U.S.,HQ: Atlanta, GA; operates across Southeast U.S.,Enterprise operations, digital transformation, IT infrastructure, analytics,Healthcare,Microsoft Azure,Microsoft 365, SAP ERP, Oracle Database,Both (Cloud FinOps + ELO),Modernizing legacy ERP/network; Need agility/visibility for global manufacturing and planning,SAP-to-Azure migration; adoption of SAP IBP & Azure ML/IoT in smart factories,CIO, VP Cloud Platforms, Head of SAM/Procurement, Finance IT Director,20,10,30,CIO,+1-620-880-2020,+1-860-340-2380,contact@vitalindustriesllc.com,www.vitalindustriesllc.com,470.00,282.00,94.00,56.40,9.40,65.80,65000,1949,3500,650,20,1300,26000,16249,11699,3499,200.0,112800.0,0,0.0,0.0,0,0.0,0.0,50,5483.3,0.0,0,1
61,Critical Systems LLC,Leading retail / consumer goods company with operations across Northeast U.S.,HQ: New York, NY; operates across Northeast U.S.,Enterprise operations, digital transformation, IT infrastructure, analytics,Retail / Consumer Goods,Google Cloud Platform,Oracle Cloud, SAP, Microsoft,Cloud FinOps,Managing legacy Oracle licenses while migrating to cloud; compliance and cost visibility gaps,Strategic Azure partnership to migrate data estate and SAP; Azure ML deployment in U.S. markets,CIO, VP Cloud Platforms, Head of SAM/Procurement, Finance IT Director,23,0,23,CTO,+1-627-893-2037,+1-871-359-2403,contact@criticalsystemsllc.com,www.criticalsystemsllc.com,477.00,143.10,143.10,32.91,0.00,32.91,66000,2309,3550,660,25,1320,39600,6600,3959,0,0.0,0.0,0,0.0,0.0,0,0.0,0.0,60,2742.8,0.0,3,3
62,Important Corporation LLC,Leading food & beverage company with operations across South Central U.S.,HQ: Houston, TX; operates across South Central U.S.,Enterprise operations, digital transformation, IT infrastructure, analytics,Food & Beverage,AWS (Amazon Web Services),Microsoft 365, SAP HANA, Power Platform,Enterprise License Optimization (ELO),Managing massive data/analytics workloads and modernizing ERP; Need cost control & governance at scale,AWS Enterprise Agreement renewal; negotiating better rates based on commitment,CIO, VP Cloud Platforms, Head of SAM/Procurement, Finance IT Director,26,20,46,VP Digital,+1-634-906-2054,+1-882-378-2426,contact@importantcorporationllc.com,www.importantcorporationllc.com,484.00,193.60,193.60,50.34,38.72,89.06,67000,2679,3600,670,30,1340,53600,10049,6029,0,0.0,0.0,3599,220.0,154880.0,0,0.0,0.0,70,7421.3,0.0,6,5
63,Significant Technologies LLC,Leading food & beverage / cpg company with operations across Midwest U.S.,HQ: Chicago, IL; operates across Midwest U.S.,Enterprise operations, digital transformation, IT infrastructure, analytics,Food & Beverage / CPG,Multi-cloud (AWS + GCP),AWS Services, Microsoft 365, Oracle,Both (Cloud FinOps + ELO),Multi-cloud cost optimization and license compliance across distributed systems,Microsoft EA renewal approaching; opportunity to rightsize M365 and Azure subscriptions,CIO, VP Cloud Platforms, Head of SAM/Procurement, Finance IT Director,29,25,54,VP Enterprise Applications,+1-641-919-2071,+1-893-397-2449,contact@significanttechnologiesllc.com,www.significanttechnologiesllc.com,491.00,245.50,73.65,71.20,18.41,89.61,68000,3060,3650,680,35,1360,20400,13600,8159,0,0.0,0.0,2920,230.0,98200.0,0,0.0,0.0,80,7467.3,0.0,9,7
64,Major Solutions LLC,Leading energy / oil & gas services company with operations across West Coast U.S.,HQ: Los Angeles, CA; operates across West Coast U.S.,Enterprise operations, digital transformation, IT infrastructure, analytics,Energy / Oil & Gas Services,Multi-cloud (Azure + AWS),Microsoft 365, Oracle E-Business Suite, IBM WebSphere,Cloud FinOps,SAP licensing complexity during cloud transformation; need visibility into actual usage vs. entitlements,Recent Oracle audit notice triggering compliance review and optimization initiative,CIO, VP Cloud Platforms, Head of SAM/Procurement, Finance IT Director,32,0,32,VP Cloud Platforms,+1-648-932-2088,+1-904-416-2472,contact@majorsolutionsllc.com,www.majorsolutionsllc.com,498.00,99.60,124.50,31.87,0.00,31.87,69000,690,3700,690,40,1380,34500,3450,10350,2220,240.0,59760.0,0,0.0,0.0,0,0.0,0.0,90,2656.0,0.0,12,9
65,Principal Industries LLC,Leading industrial manufacturing company with operations across Pacific Northwest U.S.,HQ: Seattle, WA; operates across Pacific Northwest U.S.,Enterprise operations, digital transformation, IT infrastructure, analytics,Industrial Manufacturing,Microsoft Azure,Microsoft 365, SAP S/4HANA,Enterprise License Optimization (ELO),Data-center exit & application migration at scale - cost, performance, governance, and licensing alignment needs,SAP HANA migration and scale-up on Azure,CIO, VP Cloud Platforms, Head of SAM/Procurement, Finance IT Director,35,15,50,Chief Technology Officer,+1-655-945-2105,+1-915-435-2495,contact@principalindustriesllc.com,www.principalindustriesllc.com,55.00,16.50,19.25,5.77,2.89,8.66,70000,1050,3750,700,45,1400,49000,6999,2100,2999,250.0,13200.0,0,0.0,0.0,0,0.0,0.0,100,721.9,0.1,15,1
66,Chief Systems LLC,Leading consumer goods / cpg company with operations across Mid-Atlantic U.S.,HQ: Philadelphia, PA; operates across Mid-Atlantic U.S.,Enterprise operations, digital transformation, IT infrastructure, analytics,Consumer Goods / CPG,Google Cloud Platform,Microsoft, SAP, IBM Mainframe,Both (Cloud FinOps + ELO),Rising cloud costs post-migration; lack of granular cost allocation and chargeback mechanisms,SAP S/4HANA migration project kickoff; re-evaluating license requirements,CIO, VP Cloud Platforms, Head of SAM/Procurement, Finance IT Director,38,20,58,VP Infrastructure,+1-662-958-2122,+1-926-454-2518,contact@chiefsystemsllc.com,www.chiefsystemsllc.com,62.00,24.80,27.90,9.42,5.58,15.00,71000,1420,3800,710,50,1420,63900,10650,4260,0,0.0,0.0,0,0.0,0.0,0,0.0,0.0,110,1250.3,0.1,18,3
67,Head Corporation LLC,Leading healthcare / pharmaceuticals company with operations across Southwest U.S.,HQ: Phoenix, AZ; operates across Southwest U.S.,Enterprise operations, digital transformation, IT infrastructure, analytics,Healthcare / Pharmaceuticals,AWS (Amazon Web Services),Oracle Cloud, SAP, Microsoft,Cloud FinOps,Hybrid infrastructure creating licensing grey areas between on-prem perpetual and cloud subscription models,Oracle license renewal cycle; exploring license buyback and optimization strategies,CIO, VP Cloud Platforms, Head of SAM/Procurement, Finance IT Director,16,0,16,VP IT Operations,+1-669-971-2139,+1-937-473-2541,contact@headcorporationllc.com,www.headcorporationllc.com,69.00,34.50,13.80,5.52,0.00,5.52,72000,1800,3850,720,55,1440,28800,14399,6479,0,0.0,0.0,3079,270.0,20700.0,0,0.0,0.0,120,460.0,0.3,21,5
68,Master Technologies LLC,Leading retail / e-commerce company with operations across South Central U.S.,HQ: Dallas, TX; operates across South Central U.S.,Enterprise operations, digital transformation, IT infrastructure, analytics,Retail / E-commerce,Multi-cloud (AWS + GCP),Microsoft 365, SAP ERP, Oracle Database,Enterprise License Optimization (ELO),Need for scalable, cost-efficient infrastructure for high-volume SAP and automation at scale,Strategic Azure migration with Accenture/Avanade; cloud-first operating model,CIO, VP Cloud Platforms, Head of SAM/Procurement, Finance IT Director,19,10,29,CIO,+1-676-984-2156,+1-948-492-2564,contact@mastertechnologiesllc.com,www.mastertechnologiesllc.com,76.00,15.20,22.80,2.89,2.28,5.17,73000,2190,3900,730,60,1460,43800,3650,8760,0,0.0,0.0,2340,280.0,12160.0,0,0.0,0.0,130,430.7,0.3,24,7
69,Expert Solutions LLC,Leading automotive / manufacturing company with operations across Northeast U.S.,HQ: Boston, MA; operates across Northeast U.S.,Enterprise operations, digital transformation, IT infrastructure, analytics,Automotive / Manufacturing,Multi-cloud (Azure + AWS),AWS Services, Microsoft 365, Oracle,Both (Cloud FinOps + ELO),Oracle license audit risk; need comprehensive asset management and compliance tracking,Multi-cloud expansion for disaster recovery and workload optimization,CIO, VP Cloud Platforms, Head of SAM/Procurement, Finance IT Director,22,15,37,CTO,+1-683-997-2173,+1-959-511-2587,contact@expertsolutionsllc.com,www.expertsolutionsllc.com,83.00,24.90,33.20,5.48,4.98,10.46,74000,2590,3950,740,65,1480,59200,7399,11099,3159,290.0,9960.0,0,0.0,0.0,0,0.0,0.0,140,871.5,0.2,27,9
70,Pro Industries LLC,Leading airlines / transportation company with operations across Southeast U.S.,HQ: Atlanta, GA; operates across Southeast U.S.,Enterprise operations, digital transformation, IT infrastructure, analytics,Airlines / Transportation,Microsoft Azure,Microsoft 365, SAP ERP, Oracle Database,Cloud FinOps,Modernizing legacy ERP/network; Need agility/visibility for global manufacturing and planning,SAP-to-Azure migration; adoption of SAP IBP & Azure ML/IoT in smart factories,CIO, VP Cloud Platforms, Head of SAM/Procurement, Finance IT Director,25,0,25,VP Digital,+1-690-110-2190,+1-970-530-2610,contact@proindustriesllc.com,www.proindustriesllc.com,90.00,36.00,13.50,9.00,0.00,9.00,75000,3000,4000,750,70,1500,22500,11249,2250,3999,300.0,21600.0,0,0.0,0.0,0,0.0,0.0,150,750.0,0.2,30,1
71,Ace Systems Inc.,Leading financial services / banking company with operations across Northeast U.S.,HQ: New York, NY; operates across Northeast U.S.,Enterprise operations, digital transformation, IT infrastructure, analytics,Financial Services / Banking,Google Cloud Platform,Oracle Cloud, SAP, Microsoft,Enterprise License Optimization (ELO),Managing legacy Oracle licenses while migrating to cloud; compliance and cost visibility gaps,Strategic Azure partnership to migrate data estate and SAP; Azure ML deployment in U.S. markets,CIO, VP Cloud Platforms, Head of SAM/Procurement, Finance IT Director,28,25,53,VP Enterprise Applications,+1-697-123-2207,+1-981-549-2633,contact@acesystemsinc.com,www.acesystemsinc.com,97.00,48.50,24.25,13.58,6.06,19.64,76000,3419,4050,760,75,1520,38000,15200,4559,0,0.0,0.0,0,0.0,0.0,0,0.0,0.0,160,1636.9,0.1,33,3
72,Star Corporation Inc.,Leading heavy equipment / manufacturing company with operations across South Central U.S.,HQ: Houston, TX; operates across South Central U.S.,Enterprise operations, digital transformation, IT infrastructure, analytics,Heavy Equipment / Manufacturing,AWS (Amazon Web Services),Microsoft 365, SAP HANA, Power Platform,Both (Cloud FinOps + ELO),Managing massive data/analytics workloads and modernizing ERP; Need cost control & governance at scale,AWS Enterprise Agreement renewal; negotiating better rates based on commitment,CIO, VP Cloud Platforms, Head of SAM/Procurement, Finance IT Director,31,10,41,VP Cloud Platforms,+1-704-136-2224,+1-992-568-2656,contact@starcorporationinc.com,www.starcorporationinc.com,104.00,62.40,36.40,19.34,3.64,22.98,77000,3849,4100,770,80,1540,53900,19249,6930,0,0.0,0.0,4099,320.0,24960.0,0,0.0,0.0,170,1915.3,0.1,36,5
73,Champion Technologies Inc.,Leading industrial conglomerate company with operations across Midwest U.S.,HQ: Chicago, IL; operates across Midwest U.S.,Enterprise operations, digital transformation, IT infrastructure, analytics,Industrial Conglomerate,Multi-cloud (AWS + GCP),AWS Services, Microsoft 365, Oracle,Cloud FinOps,Multi-cloud cost optimization and license compliance across distributed systems,Microsoft EA renewal approaching; opportunity to rightsize M365 and Azure subscriptions,CIO, VP Cloud Platforms, Head of SAM/Procurement, Finance IT Director,34,0,34,Chief Technology Officer,+1-711-149-2241,+1-203-587-2679,contact@championtechnologiesinc.com,www.championtechnologiesinc.com,111.00,33.30,49.95,11.32,0.00,11.32,78000,1169,4150,780,85,1560,70200,7800,9360,0,0.0,0.0,3320,330.0,19980.0,0,0.0,0.0,180,943.5,0.2,39,7
74,Winner Solutions Inc.,Leading industrial / technology company with operations across West Coast U.S.,HQ: Los Angeles, CA; operates across West Coast U.S.,Enterprise operations, digital transformation, IT infrastructure, analytics,Industrial / Technology,Multi-cloud (Azure + AWS),Microsoft 365, Oracle E-Business Suite, IBM WebSphere,Enterprise License Optimization (ELO),SAP licensing complexity during cloud transformation; need visibility into actual usage vs. entitlements,Recent Oracle audit notice triggering compliance review and optimization initiative,CIO, VP Cloud Platforms, Head of SAM/Procurement, Finance IT Director,37,20,57,VP Infrastructure,+1-718-162-2258,+1-214-606-2702,contact@winnersolutionsinc.com,www.winnersolutionsinc.com,118.00,47.20,23.60,17.46,4.72,22.18,79000,1579,4200,790,90,1580,31600,11849,11849,4199,340.0,37760.0,0,0.0,0.0,0,0.0,0.0,190,1848.7,0.1,42,9
75,Leader Industries Inc.,Leading aerospace / technology company with operations across Pacific Northwest U.S.,HQ: Seattle, WA; operates across Pacific Northwest U.S.,Enterprise operations, digital transformation, IT infrastructure, analytics,Aerospace / Technology,Microsoft Azure,Microsoft 365, SAP S/4HANA,Both (Cloud FinOps + ELO),Data-center exit & application migration at scale - cost, performance, governance, and licensing alignment needs,SAP HANA migration and scale-up on Azure,CIO, VP Cloud Platforms, Head of SAM/Procurement, Finance IT Director,15,25,40,VP IT Operations,+1-725-175-2275,+1-225-625-2725,contact@leaderindustriesinc.com,www.leaderindustriesinc.com,125.00,62.50,37.50,9.37,9.38,18.75,80000,1999,4250,800,95,100,48000,15999,2400,3399,350.0,25000.0,0,0.0,0.0,0,0.0,0.0,200,1562.5,0.1,45,1
76,Pioneer Systems Inc.,Leading agriculture / manufacturing company with operations across Mid-Atlantic U.S.,HQ: Philadelphia, PA; operates across Mid-Atlantic U.S.,Enterprise operations, digital transformation, IT infrastructure, analytics,Agriculture / Manufacturing,Google Cloud Platform,Microsoft, SAP, IBM Mainframe,Cloud FinOps,Rising cloud costs post-migration; lack of granular cost allocation and chargeback mechanisms,SAP S/4HANA migration project kickoff; re-evaluating license requirements,CIO, VP Cloud Platforms, Head of SAM/Procurement, Finance IT Director,18,0,18,CIO,+1-732-188-2292,+1-236-644-2748,contact@pioneersystemsinc.com,www.pioneersystemsinc.com,132.00,26.40,52.80,4.75,0.00,4.75,81000,2430,4300,810,100,120,64800,4050,4859,0,0.0,0.0,0,0.0,0.0,0,0.0,0.0,210,396.0,0.5,48,3
77,Trailblazer Corporation Inc.,Leading aerospace / defense company with operations across Southwest U.S.,HQ: Phoenix, AZ; operates across Southwest U.S.,Enterprise operations, digital transformation, IT infrastructure, analytics,Aerospace / Defense,AWS (Amazon Web Services),Oracle Cloud, SAP, Microsoft,Enterprise License Optimization (ELO),Hybrid infrastructure creating licensing grey areas between on-prem perpetual and cloud subscription models,Oracle license renewal cycle; exploring license buyback and optimization strategies,CIO, VP Cloud Platforms, Head of SAM/Procurement, Finance IT Director,21,15,36,CTO,+1-739-201-2309,+1-247-663-2771,contact@trailblazercorporationinc.com,www.trailblazercorporationinc.com,139.00,41.70,20.85,8.76,3.13,11.88,82000,2870,4350,820,105,140,24600,8199,7380,0,0.0,0.0,3479,370.0,33360.0,0,0.0,0.0,220,990.4,0.2,51,5
78,Innovator Technologies Inc.,Leading food & beverage / retail company with operations across South Central U.S.,HQ: Dallas, TX; operates across South Central U.S.,Enterprise operations, digital transformation, IT infrastructure, analytics,Food & Beverage / Retail,Multi-cloud (AWS + GCP),Microsoft 365, SAP ERP, Oracle Database,Both (Cloud FinOps + ELO),Need for scalable, cost-efficient infrastructure for high-volume SAP and automation at scale,Strategic Azure migration with Accenture/Avanade; cloud-first operating model,CIO, VP Cloud Platforms, Head of SAM/Procurement, Finance IT Director,24,20,44,VP Digital,+1-746-214-2326,+1-258-682-2794,contact@innovatortechnologiesinc.com,www.innovatortechnologiesinc.com,146.00,58.40,36.50,14.02,7.30,21.32,83000,3320,4400,830,110,160,41500,12450,9959,0,0.0,0.0,2640,380.0,23360.0,0,0.0,0.0,230,1776.3,0.1,54,7
79,Creator Solutions Inc.,Leading healthcare / retail company with operations across Northeast U.S.,HQ: Boston, MA; operates across Northeast U.S.,Enterprise operations, digital transformation, IT infrastructure, analytics,Healthcare / Retail,Multi-cloud (Azure + AWS),AWS Services, Microsoft 365, Oracle,Cloud FinOps,Oracle license audit risk; need comprehensive asset management and compliance tracking,Multi-cloud expansion for disaster recovery and workload optimization,CIO, VP Cloud Platforms, Head of SAM/Procurement, Finance IT Director,27,0,27,VP Enterprise Applications,+1-753-227-2343,+1-269-701-2817,contact@creatorsolutionsinc.com,www.creatorsolutionsinc.com,153.00,76.50,53.55,20.65,0.00,20.65,84000,3780,4450,840,115,180,58800,16799,12600,3559,390.0,45900.0,0,0.0,0.0,0,0.0,0.0,240,1721.2,0.1,57,9
80,Builder Industries Inc.,Leading retail company with operations across Southeast U.S.,HQ: Atlanta, GA; operates across Southeast U.S.,Enterprise operations, digital transformation, IT infrastructure, analytics,Retail,Microsoft Azure,Microsoft 365, SAP ERP, Oracle Database,Enterprise License Optimization (ELO),Modernizing legacy ERP/network; Need agility/visibility for global manufacturing and planning,SAP-to-Azure migration; adoption of SAP IBP & Azure ML/IoT in smart factories,CIO, VP Cloud Platforms, Head of SAM/Procurement, Finance IT Director,30,10,40,VP Cloud Platforms,+1-760-240-2360,+1-280-720-2840,contact@builderindustriesinc.com,www.builderindustriesinc.com,160.00,96.00,72.00,28.80,7.20,36.00,85000,850,4500,50,120,200,76500,21249,2550,4499,400.0,76800.0,0,0.0,0.0,0,0.0,0.0,250,3000.0,0.1,60,1
81,Developer Systems Inc.,Leading energy / oil & gas company with operations across Northeast U.S.,HQ: New York, NY; operates across Northeast U.S.,Enterprise operations, digital transformation, IT infrastructure, analytics,Energy / Oil & Gas,Google Cloud Platform,Oracle Cloud, SAP, Microsoft,Both (Cloud FinOps + ELO),Managing legacy Oracle licenses while migrating to cloud; compliance and cost visibility gaps,Strategic Azure partnership to migrate data estate and SAP; Azure ML deployment in U.S. markets,CIO, VP Cloud Platforms, Head of SAM/Procurement, Finance IT Director,33,15,48,Chief Technology Officer,+1-767-253-2377,+1-291-739-2863,contact@developersystemsinc.com,www.developersystemsinc.com,167.00,50.10,33.40,16.53,5.01,21.54,86000,1290,4550,60,125,220,34400,8599,5159,0,0.0,0.0,0,0.0,0.0,0,0.0,0.0,260,1795.2,0.1,63,3
82,Designer Corporation Inc.,Leading technology / networking company with operations across South Central U.S.,HQ: Houston, TX; operates across South Central U.S.,Enterprise operations, digital transformation, IT infrastructure, analytics,Technology / Networking,AWS (Amazon Web Services),Microsoft 365, SAP HANA, Power Platform,Cloud FinOps,Managing massive data/analytics workloads and modernizing ERP; Need cost control & governance at scale,AWS Enterprise Agreement renewal; negotiating better rates based on commitment,CIO, VP Cloud Platforms, Head of SAM/Procurement, Finance IT Director,36,0,36,VP Infrastructure,+1-774-266-2394,+1-302-758-2886,contact@designercorporationinc.com,www.designercorporationinc.com,174.00,69.60,52.20,25.06,0.00,25.06,87000,1740,4600,70,130,240,52200,13050,7830,0,0.0,0.0,2760,420.0,41760.0,0,0.0,0.0,270,2088.0,0.1,66,5
83,Architect Technologies Inc.,Leading technology / semiconductors company with operations across Midwest U.S.,HQ: Chicago, IL; operates across Midwest U.S.,Enterprise operations, digital transformation, IT infrastructure, analytics,Technology / Semiconductors,Multi-cloud (AWS + GCP),AWS Services, Microsoft 365, Oracle,Enterprise License Optimization (ELO),Multi-cloud cost optimization and license compliance across distributed systems,Microsoft EA renewal approaching; opportunity to rightsize M365 and Azure subscriptions,CIO, VP Cloud Platforms, Head of SAM/Procurement, Finance IT Director,39,25,64,VP IT Operations,+1-781-279-2411,+1-313-777-2909,contact@architecttechnologiesinc.com,www.architecttechnologiesinc.com,181.00,90.50,72.40,35.30,18.10,53.40,88000,2200,4650,80,135,260,70400,17600,10559,0,0.0,0.0,3720,430.0,72400.0,0,0.0,0.0,280,4449.6,0.1,69,7
84,Engineer Solutions Inc.,Leading telecommunications company with operations across West Coast U.S.,HQ: Los Angeles, CA; operates across West Coast U.S.,Enterprise operations, digital transformation, IT infrastructure, analytics,Telecommunications,Multi-cloud (Azure + AWS),Microsoft 365, Oracle E-Business Suite, IBM WebSphere,Both (Cloud FinOps + ELO),SAP licensing complexity during cloud transformation; need visibility into actual usage vs. entitlements,Recent Oracle audit notice triggering compliance review and optimization initiative,CIO, VP Cloud Platforms, Head of SAM/Procurement, Finance IT Director,17,10,27,CIO,+1-788-292-2428,+1-324-796-2932,contact@engineersolutionsinc.com,www.engineersolutionsinc.com,188.00,112.80,28.20,19.18,2.82,22.00,89000,2669,4700,90,140,280,26700,22249,13350,4699,440.0,45120.0,0,0.0,0.0,0,0.0,0.0,290,1833.0,0.2,72,9
85,Constructor Industries Inc.,Leading hospitality / travel company with operations across Pacific Northwest U.S.,HQ: Seattle, WA; operates across Pacific Northwest U.S.,Enterprise operations, digital transformation, IT infrastructure, analytics,Hospitality / Travel,Microsoft Azure,Microsoft 365, SAP S/4HANA,Cloud FinOps,Data-center exit & application migration at scale - cost, performance, governance, and licensing alignment needs,SAP HANA migration and scale-up on Azure,CIO, VP Cloud Platforms, Head of SAM/Procurement, Finance IT Director,20,0,20,CTO,+1-795-305-2445,+1-335-815-2955,contact@constructorindustriesinc.com,www.constructorindustriesinc.com,195.00,58.50,48.75,11.70,0.00,11.70,90000,3149,4750,100,145,300,45000,8999,16199,3799,450.0,35100.0,0,0.0,0.0,0,0.0,0.0,300,975.0,0.3,75,1
86,Manufacturer Systems Inc.,Leading logistics / transportation company with operations across Mid-Atlantic U.S.,HQ: Philadelphia, PA; operates across Mid-Atlantic U.S.,Enterprise operations, digital transformation, IT infrastructure, analytics,Logistics / Transportation,Google Cloud Platform,Microsoft, SAP, IBM Mainframe,Enterprise License Optimization (ELO),Rising cloud costs post-migration; lack of granular cost allocation and chargeback mechanisms,SAP S/4HANA migration project kickoff; re-evaluating license requirements,CIO, VP Cloud Platforms, Head of SAM/Procurement, Finance IT Director,23,20,43,VP Digital,+1-802-318-2462,+1-346-834-2978,contact@manufacturersystemsinc.com,www.manufacturersystemsinc.com,202.00,80.80,70.70,18.58,14.14,32.72,91000,3639,4800,110,150,320,63700,13649,5460,0,0.0,0.0,0,0.0,0.0,0,0.0,0.0,310,2727.0,0.1,78,3
87,Producer Corporation Inc.,Leading pharmaceuticals / healthcare company with operations across Southwest U.S.,HQ: Phoenix, AZ; operates across Southwest U.S.,Enterprise operations, digital transformation, IT infrastructure, analytics,Pharmaceuticals / Healthcare,AWS (Amazon Web Services),Oracle Cloud, SAP, Microsoft,Both (Cloud FinOps + ELO),Hybrid infrastructure creating licensing grey areas between on-prem perpetual and cloud subscription models,Oracle license renewal cycle; exploring license buyback and optimization strategies,CIO, VP Cloud Platforms, Head of SAM/Procurement, Finance IT Director,26,25,51,VP Enterprise Applications,+1-809-331-2479,+1-357-853-3001,contact@producercorporationinc.com,www.producercorporationinc.com,209.00,104.50,94.05,27.17,23.51,50.68,92000,4139,4850,120,155,340,82800,18400,8279,0,0.0,0.0,3880,470.0,41800.0,0,0.0,0.0,320,4223.5,0.1,81,5
88,TechCorp Inc.,Leading financial services / investment banking company with operations across South Central U.S.,HQ: Dallas, TX; operates across South Central U.S.,Enterprise operations, digital transformation, IT infrastructure, analytics,Financial Services / Investment Banking,Multi-cloud (AWS + GCP),Microsoft 365, SAP ERP, Oracle Database,Cloud FinOps,Need for scalable, cost-efficient infrastructure for high-volume SAP and automation at scale,Strategic Azure migration with Accenture/Avanade; cloud-first operating model,CIO, VP Cloud Platforms, Head of SAM/Procurement, Finance IT Director,29,0,29,VP Cloud Platforms,+1-816-344-2496,+1-368-872-3024,contact@techcorpinc.com,www.techcorpinc.com,216.00,43.20,43.20,12.53,0.00,12.53,93000,4650,4900,130,160,360,37200,4650,11159,0,0.0,0.0,2940,480.0,25920.0,0,0.0,0.0,330,1044.0,0.3,84,7
89,Global Industries Inc.,Leading technology company with operations across Northeast U.S.,HQ: Boston, MA; operates across Northeast U.S.,Enterprise operations, digital transformation, IT infrastructure, analytics,Technology,Multi-cloud (Azure + AWS),AWS Services, Microsoft 365, Oracle,Enterprise License Optimization (ELO),Oracle license audit risk; need comprehensive asset management and compliance tracking,Multi-cloud expansion for disaster recovery and workload optimization,CIO, VP Cloud Platforms, Head of SAM/Procurement, Finance IT Director,32,15,47,Chief Technology Officer,+1-823-357-2513,+1-379-891-3047,contact@globalindustriesinc.com,www.globalindustriesinc.com,223.00,66.90,66.90,21.41,10.04,31.44,94000,1409,4950,140,165,380,56400,9399,14100,3959,490.0,53520.0,0,0.0,0.0,0,0.0,0.0,340,2620.3,0.1,87,9
90,Enterprise Solutions Inc.,Leading manufacturing company with operations across Southeast U.S.,HQ: Atlanta, GA; operates across Southeast U.S.,Enterprise operations, digital transformation, IT infrastructure, analytics,Manufacturing,Microsoft Azure,Microsoft 365, SAP ERP, Oracle Database,Both (Cloud FinOps + ELO),Modernizing legacy ERP/network; Need agility/visibility for global manufacturing and planning,SAP-to-Azure migration; adoption of SAP IBP & Azure ML/IoT in smart factories,CIO, VP Cloud Platforms, Head of SAM/Procurement, Finance IT Director,35,20,55,VP Infrastructure,+1-830-370-2530,+1-390-910-3070,contact@enterprisesolutionsinc.com,www.enterprisesolutionsinc.com,230.00,92.00,92.00,32.20,18.40,50.60,95000,1900,5000,150,170,400,76000,14249,17099,4999,500.0,36800.0,0,0.0,0.0,0,0.0,0.0,50,4216.7,0.0,90,1
91,Digital Dynamics Inc.,Leading healthcare company with operations across Northeast U.S.,HQ: New York, NY; operates across Northeast U.S.,Enterprise operations, digital transformation, IT infrastructure, analytics,Healthcare,Google Cloud Platform,Oracle Cloud, SAP, Microsoft,Cloud FinOps,Managing legacy Oracle licenses while migrating to cloud; compliance and cost visibility gaps,Strategic Azure partnership to migrate data estate and SAP; Azure ML deployment in U.S. markets,CIO, VP Cloud Platforms, Head of SAM/Procurement, Finance IT Director,38,0,38,VP IT Operations,+1-837-383-2547,+1-401-929-3093,contact@digitaldynamicsinc.com,www.digitaldynamicsinc.com,237.00,118.50,35.55,45.03,0.00,45.03,96000,2400,5050,160,175,420,28800,19199,5760,0,0.0,0.0,0,0.0,0.0,0,0.0,0.0,60,3752.5,0.0,93,3
92,Innovation Labs Inc.,Leading retail / consumer goods company with operations across South Central U.S.,HQ: Houston, TX; operates across South Central U.S.,Enterprise operations, digital transformation, IT infrastructure, analytics,Retail / Consumer Goods,AWS (Amazon Web Services),Microsoft 365, SAP HANA, Power Platform,Enterprise License Optimization (ELO),Managing massive data/analytics workloads and modernizing ERP; Need cost control & governance at scale,AWS Enterprise Agreement renewal; negotiating better rates based on commitment,CIO, VP Cloud Platforms, Head of SAM/Procurement, Finance IT Director,16,10,26,CIO,+1-844-396-2564,+1-412-948-3116,contact@innovationlabsinc.com,www.innovationlabsinc.com,244.00,48.80,61.00,7.81,6.10,13.91,97000,2910,5100,170,180,440,48500,4850,8729,0,0.0,0.0,3060,520.0,39040.0,0,0.0,0.0,70,1159.0,0.1,96,5
93,Strategic Systems Inc.,Leading food & beverage company with operations across Midwest U.S.,HQ: Chicago, IL; operates across Midwest U.S.,Enterprise operations, digital transformation, IT infrastructure, analytics,Food & Beverage,Multi-cloud (AWS + GCP),AWS Services, Microsoft 365, Oracle,Both (Cloud FinOps + ELO),Multi-cloud cost optimization and license compliance across distributed systems,Microsoft EA renewal approaching; opportunity to rightsize M365 and Azure subscriptions,CIO, VP Cloud Platforms, Head of SAM/Procurement, Finance IT Director,19,15,34,CTO,+1-851-409-2581,+1-423-967-3139,contact@strategicsystemsinc.com,www.strategicsystemsinc.com,251.00,75.30,87.85,14.31,13.18,27.48,98000,3430,5150,180,185,460,68600,9800,11760,0,0.0,0.0,4120,530.0,30120.0,0,0.0,0.0,80,2290.4,0.0,99,7
94,Advanced Technologies Inc.,Leading food & beverage / cpg company with operations across West Coast U.S.,HQ: Los Angeles, CA; operates across West Coast U.S.,Enterprise operations, digital transformation, IT infrastructure, analytics,Food & Beverage / CPG,Multi-cloud (Azure + AWS),Microsoft 365, Oracle E-Business Suite, IBM WebSphere,Cloud FinOps,SAP licensing complexity during cloud transformation; need visibility into actual usage vs. entitlements,Recent Oracle audit notice triggering compliance review and optimization initiative,CIO, VP Cloud Platforms, Head of SAM/Procurement, Finance IT Director,22,0,22,VP Digital,+1-858-422-2598,+1-434-986-3162,contact@advancedtechnologiesinc.com,www.advancedtechnologiesinc.com,258.00,103.20,116.10,22.70,0.00,22.70,99000,3960,5200,190,190,480,89100,14849,14849,5199,540.0,61920.0,0,0.0,0.0,0,0.0,0.0,90,1892.0,0.0,102,9
95,Prime Services Inc.,Leading energy / oil & gas services company with operations across Pacific Northwest U.S.,HQ: Seattle, WA; operates across Pacific Northwest U.S.,Enterprise operations, digital transformation, IT infrastructure, analytics,Energy / Oil & Gas Services,Microsoft Azure,Microsoft 365, SAP S/4HANA,Enterprise License Optimization (ELO),Data-center exit & application migration at scale - cost, performance, governance, and licensing alignment needs,SAP HANA migration and scale-up on Azure,CIO, VP Cloud Platforms, Head of SAM/Procurement, Finance IT Director,25,25,50,VP Enterprise Applications,+1-865-435-2615,+1-445-105-3185,contact@primeservicesinc.com,www.primeservicesinc.com,265.00,132.50,53.00,33.12,13.25,46.38,100000,4500,5250,200,195,500,40000,19999,3000,4199,550.0,106000.0,0,0.0,0.0,0,0.0,0.0,100,3864.6,0.0,105,1
96,Core Business Solutions Inc.,Leading industrial manufacturing company with operations across Mid-Atlantic U.S.,HQ: Philadelphia, PA; operates across Mid-Atlantic U.S.,Enterprise operations, digital transformation, IT infrastructure, analytics,Industrial Manufacturing,Google Cloud Platform,Microsoft, SAP, IBM Mainframe,Both (Cloud FinOps + ELO),Rising cloud costs post-migration; lack of granular cost allocation and chargeback mechanisms,SAP S/4HANA migration project kickoff; re-evaluating license requirements,CIO, VP Cloud Platforms, Head of SAM/Procurement, Finance IT Director,28,10,38,VP Cloud Platforms,+1-872-448-2632,+1-456-124-3208,contact@corebusinesssolutionsinc.com,www.corebusinesssolutionsinc.com,272.00,54.40,81.60,15.23,8.16,23.39,101000,5049,5300,210,200,520,60600,5050,6060,0,0.0,0.0,0,0.0,0.0,0,0.0,0.0,110,1949.3,0.1,108,3
97,NextGen Enterprises Inc.,Leading consumer goods / cpg company with operations across Southwest U.S.,HQ: Phoenix, AZ; operates across Southwest U.S.,Enterprise operations, digital transformation, IT infrastructure, analytics,Consumer Goods / CPG,AWS (Amazon Web Services),Oracle Cloud, SAP, Microsoft,Cloud FinOps,Hybrid infrastructure creating licensing grey areas between on-prem perpetual and cloud subscription models,Oracle license renewal cycle; exploring license buyback and optimization strategies,CIO, VP Cloud Platforms, Head of SAM/Procurement, Finance IT Director,31,0,31,Chief Technology Officer,+1-879-461-2649,+1-467-143-3231,contact@nextgenenterprisesinc.com,www.nextgenenterprisesinc.com,279.00,83.70,111.60,25.95,0.00,25.95,102000,1529,5350,220,205,540,81600,10200,9179,0,0.0,0.0,4280,570.0,50220.0,0,0.0,0.0,120,2162.3,0.1,111,5
98,Future Systems Inc.,Leading healthcare / pharmaceuticals company with operations across South Central U.S.,HQ: Dallas, TX; operates across South Central U.S.,Enterprise operations, digital transformation, IT infrastructure, analytics,Healthcare / Pharmaceuticals,Multi-cloud (AWS + GCP),Microsoft 365, SAP ERP, Oracle Database,Enterprise License Optimization (ELO),Need for scalable, cost-efficient infrastructure for high-volume SAP and automation at scale,Strategic Azure migration with Accenture/Avanade; cloud-first operating model,CIO, VP Cloud Platforms, Head of SAM/Procurement, Finance IT Director,34,20,54,VP Infrastructure,+1-886-474-2666,+1-478-162-3254,contact@futuresystemsinc.com,www.futuresystemsinc.com,286.00,114.40,42.90,38.90,8.58,47.48,103000,2059,5400,230,210,560,30900,15450,12360,0,0.0,0.0,3240,580.0,91520.0,0,0.0,0.0,130,3956.3,0.0,114,7
99,Smart Industries Inc.,Leading retail / e-commerce company with operations across Northeast U.S.,HQ: Boston, MA; operates across Northeast U.S.,Enterprise operations, digital transformation, IT infrastructure, analytics,Retail / E-commerce,Multi-cloud (Azure + AWS),AWS Services, Microsoft 365, Oracle,Both (Cloud FinOps + ELO),Oracle license audit risk; need comprehensive asset management and compliance tracking,Multi-cloud expansion for disaster recovery and workload optimization,CIO, VP Cloud Platforms, Head of SAM/Procurement, Finance IT Director,37,25,62,VP IT Operations,+1-893-487-2683,+1-489-181-3277,contact@smartindustriesinc.com,www.smartindustriesinc.com,293.00,146.50,73.25,54.20,18.31,72.52,104000,2599,5450,240,215,580,52000,20799,15599,4359,590.0,58600.0,0,0.0,0.0,0,0.0,0.0,140,6043.1,0.0,117,9
100,Elite Corporation Inc.,Leading automotive / manufacturing company with operations across Southeast U.S.,HQ: Atlanta, GA; operates across Southeast U.S.,Enterprise operations, digital transformation, IT infrastructure, analytics,Automotive / Manufacturing,Microsoft Azure,Microsoft 365, SAP ERP, Oracle Database,Cloud FinOps,Modernizing legacy ERP/network; Need agility/visibility for global manufacturing and planning,SAP-to-Azure migration; adoption of SAP IBP & Azure ML/IoT in smart factories,CIO, VP Cloud Platforms, Head of SAM/Procurement, Finance IT Director,15,0,15,CIO,+1-900-500-2700,+1-500-200-3300,contact@elitecorporationinc.com,www.elitecorporationinc.com,300.00,180.00,105.00,27.00,0.00,27.00,105000,3149,500,250,220,600,73500,26249,3150,499,100.0,108000.0,0,0.0,0.0,0,0.0,0.0,150,2250.0,0.1,120,1
101,Premier Technologies Inc.,Leading airlines / transportation company with operations across Northeast U.S.,HQ: New York, NY; operates across Northeast U.S.,Enterprise operations, digital transformation, IT infrastructure, analytics,Airlines / Transportation,Google Cloud Platform,Oracle Cloud, SAP, Microsoft,Enterprise License Optimization (ELO),Managing legacy Oracle licenses while migrating to cloud; compliance and cost visibility gaps,Strategic Azure partnership to migrate data estate and SAP; Azure ML deployment in U.S. markets,CIO, VP Cloud Platforms, Head of SAM/Procurement, Finance IT Director,18,15,33,CTO,+1-907-513-2717,+1-511-219-3323,contact@premiertechnologiesinc.com,www.premiertechnologiesinc.com,307.00,92.10,138.15,16.58,20.72,37.30,106000,3709,550,260,225,620,95400,10600,6359,0,0.0,0.0,0,0.0,0.0,0,0.0,0.0,160,3108.4,0.1,123,3
102,Apex Solutions Inc.,Leading financial services / banking company with operations across South Central U.S.,HQ: Houston, TX; operates across South Central U.S.,Enterprise operations, digital transformation, IT infrastructure, analytics,Financial Services / Banking,AWS (Amazon Web Services),Microsoft 365, SAP HANA, Power Platform,Both (Cloud FinOps + ELO),Managing massive data/analytics workloads and modernizing ERP; Need cost control & governance at scale,AWS Enterprise Agreement renewal; negotiating better rates based on commitment,CIO, VP Cloud Platforms, Head of SAM/Procurement, Finance IT Director,21,20,41,VP Digital,+1-914-526-2734,+1-522-238-3346,contact@apexsolutionsinc.com,www.apexsolutionsinc.com,314.00,125.60,62.80,26.38,12.56,38.94,107000,4280,600,270,230,640,42800,16050,9630,0,0.0,0.0,360,120.0,50240.0,0,0.0,0.0,170,3244.7,0.1,126,5
103,Summit Industries Inc.,Leading heavy equipment / manufacturing company with operations across Midwest U.S.,HQ: Chicago, IL; operates across Midwest U.S.,Enterprise operations, digital transformation, IT infrastructure, analytics,Heavy Equipment / Manufacturing,Multi-cloud (AWS + GCP),AWS Services, Microsoft 365, Oracle,Cloud FinOps,Multi-cloud cost optimization and license compliance across distributed systems,Microsoft EA renewal approaching; opportunity to rightsize M365 and Azure subscriptions,CIO, VP Cloud Platforms, Head of SAM/Procurement, Finance IT Director,24,0,24,VP Enterprise Applications,+1-921-539-2751,+1-533-257-3369,contact@summitindustriesinc.com,www.summitindustriesinc.com,321.00,160.50,96.30,38.52,0.00,38.52,108000,4860,650,280,235,660,64800,21600,12959,0,0.0,0.0,520,130.0,96300.0,0,0.0,0.0,180,3210.0,0.1,129,7
104,Vertex Systems Inc.,Leading industrial conglomerate company with operations across West Coast U.S.,HQ: Los Angeles, CA; operates across West Coast U.S.,Enterprise operations, digital transformation, IT infrastructure, analytics,Industrial Conglomerate,Multi-cloud (Azure + AWS),Microsoft 365, Oracle E-Business Suite, IBM WebSphere,Enterprise License Optimization (ELO),SAP licensing complexity during cloud transformation; need visibility into actual usage vs. entitlements,Recent Oracle audit notice triggering compliance review and optimization initiative,CIO, VP Cloud Platforms, Head of SAM/Procurement, Finance IT Director,27,10,37,VP Cloud Platforms,+1-928-552-2768,+1-544-276-3392,contact@vertexsystemsinc.com,www.vertexsystemsinc.com,328.00,196.80,131.20,53.14,13.12,66.26,109000,1090,700,290,240,680,87200,27249,16350,699,140.0,157440.0,0,0.0,0.0,0,0.0,0.0,190,5521.3,0.0,132,9
105,Nexus Corporation Inc.,Leading industrial / technology company with operations across Pacific Northwest U.S.,HQ: Seattle, WA; operates across Pacific Northwest U.S.,Enterprise operations, digital transformation, IT infrastructure, analytics,Industrial / Technology,Microsoft Azure,Microsoft 365, SAP S/4HANA,Both (Cloud FinOps + ELO),Data-center exit & application migration at scale - cost, performance, governance, and licensing alignment needs,SAP HANA migration and scale-up on Azure,CIO, VP Cloud Platforms, Head of SAM/Procurement, Finance IT Director,30,15,45,Chief Technology Officer,+1-935-565-2785,+1-555-295-3415,contact@nexuscorporationinc.com,www.nexuscorporationinc.com,335.00,100.50,50.25,30.15,7.54,37.69,110000,1650,750,300,245,700,33000,10999,3300,599,150.0,40200.0,0,0.0,0.0,0,0.0,0.0,200,3140.6,0.1,135,1
106,Pinnacle Technologies Inc.,Leading aerospace / technology company with operations across Mid-Atlantic U.S.,HQ: Philadelphia, PA; operates across Mid-Atlantic U.S.,Enterprise operations, digital transformation, IT infrastructure, analytics,Aerospace / Technology,Google Cloud Platform,Microsoft, SAP, IBM Mainframe,Cloud FinOps,Rising cloud costs post-migration; lack of granular cost allocation and chargeback mechanisms,SAP S/4HANA migration project kickoff; re-evaluating license requirements,CIO, VP Cloud Platforms, Head of SAM/Procurement, Finance IT Director,33,0,33,VP Infrastructure,+1-942-578-2802,+1-566-314-3438,contact@pinnacletechnologiesinc.com,www.pinnacletechnologiesinc.com,342.00,136.80,85.50,45.14,0.00,45.14,111000,2220,800,310,250,720,55500,16650,6659,0,0.0,0.0,0,0.0,0.0,0,0.0,0.0,210,3762.0,0.1,138,3
107,Zenith Solutions Inc.,Leading agriculture / manufacturing company with operations across Southwest U.S.,HQ: Phoenix, AZ; operates across Southwest U.S.,Enterprise operations, digital transformation, IT infrastructure, analytics,Agriculture / Manufacturing,AWS (Amazon Web Services),Oracle Cloud, SAP, Microsoft,Enterprise License Optimization (ELO),Hybrid infrastructure creating licensing grey areas between on-prem perpetual and cloud subscription models,Oracle license renewal cycle; exploring license buyback and optimization strategies,CIO, VP Cloud Platforms, Head of SAM/Procurement, Finance IT Director,36,25,61,VP IT Operations,+1-949-591-2819,+1-577-333-3461,contact@zenithsolutionsinc.com,www.zenithsolutionsinc.com,349.00,174.50,122.15,62.82,30.54,93.36,112000,2800,850,320,255,740,78400,22400,10080,0,0.0,0.0,680,170.0,139600.0,0,0.0,0.0,220,7779.8,0.0,141,5
108,Quantum Industries Inc.,Leading aerospace / defense company with operations across South Central U.S.,HQ: Dallas, TX; operates across South Central U.S.,Enterprise operations, digital transformation, IT infrastructure, analytics,Aerospace / Defense,Multi-cloud (AWS + GCP),Microsoft 365, SAP ERP, Oracle Database,Both (Cloud FinOps + ELO),Need for scalable, cost-efficient infrastructure for high-volume SAP and automation at scale,Strategic Azure migration with Accenture/Avanade; cloud-first operating model,CIO, VP Cloud Platforms, Head of SAM/Procurement, Finance IT Director,39,10,49,CIO,+1-956-604-2836,+1-588-352-3484,contact@quantumindustriesinc.com,www.quantumindustriesinc.com,356.00,71.20,160.20,27.77,16.02,43.79,113000,3390,900,330,260,760,101700,5650,13559,0,0.0,0.0,540,180.0,28480.0,0,0.0,0.0,230,3649.0,0.1,144,7
109,Fusion Systems Inc.,Leading food & beverage / retail company with operations across Northeast U.S.,HQ: Boston, MA; operates across Northeast U.S.,Enterprise operations, digital transformation, IT infrastructure, analytics,Food & Beverage / Retail,Multi-cloud (Azure + AWS),AWS Services, Microsoft 365, Oracle,Cloud FinOps,Oracle license audit risk; need comprehensive asset management and compliance tracking,Multi-cloud expansion for disaster recovery and workload optimization,CIO, VP Cloud Platforms, Head of SAM/Procurement, Finance IT Director,17,0,17,CTO,+1-963-617-2853,+1-599-371-3507,contact@fusionsystemsinc.com,www.fusionsystemsinc.com,363.00,108.90,72.60,18.51,0.00,18.51,114000,3990,950,340,265,780,45600,11399,17100,759,190.0,65340.0,0,0.0,0.0,0,0.0,0.0,240,1542.7,0.2,147,9
110,Catalyst Corporation Inc.,Leading healthcare / retail company with operations across Southeast U.S.,HQ: Atlanta, GA; operates across Southeast U.S.,Enterprise operations, digital transformation, IT infrastructure, analytics,Healthcare / Retail,Microsoft Azure,Microsoft 365, SAP ERP, Oracle Database,Enterprise License Optimization (ELO),Modernizing legacy ERP/network; Need agility/visibility for global manufacturing and planning,SAP-to-Azure migration; adoption of SAP IBP & Azure ML/IoT in smart factories,CIO, VP Cloud Platforms, Head of SAM/Procurement, Finance IT Director,20,20,40,VP Digital,+1-970-630-2870,+1-610-390-3530,contact@catalystcorporationinc.com,www.catalystcorporationinc.com,370.00,148.00,111.00,29.60,22.20,51.80,115000,4600,1000,350,270,800,69000,17249,20699,999,200.0,118400.0,0,0.0,0.0,0,0.0,0.0,250,4316.7,0.1,150,1
111,Momentum Technologies Inc.,Leading retail company with operations across Northeast U.S.,HQ: New York, NY; operates across Northeast U.S.,Enterprise operations, digital transformation, IT infrastructure, analytics,Retail,Google Cloud Platform,Oracle Cloud, SAP, Microsoft,Both (Cloud FinOps + ELO),Managing legacy Oracle licenses while migrating to cloud; compliance and cost visibility gaps,Strategic Azure partnership to migrate data estate and SAP; Azure ML deployment in U.S. markets,CIO, VP Cloud Platforms, Head of SAM/Procurement, Finance IT Director,23,25,48,VP Enterprise Applications,+1-977-643-2887,+1-621-409-3553,contact@momentumtechnologiesinc.com,www.momentumtechnologiesinc.com,377.00,188.50,150.80,43.36,37.70,81.06,116000,5220,1050,360,275,820,92800,23200,6960,0,0.0,0.0,0,0.0,0.0,0,0.0,0.0,260,6754.6,0.0,153,3
112,Velocity Solutions Inc.,Leading energy / oil & gas company with operations across South Central U.S.,HQ: Houston, TX; operates across South Central U.S.,Enterprise operations, digital transformation, IT infrastructure, analytics,Energy / Oil & Gas,AWS (Amazon Web Services),Microsoft 365, SAP HANA, Power Platform,Cloud FinOps,Managing massive data/analytics workloads and modernizing ERP; Need cost control & governance at scale,AWS Enterprise Agreement renewal; negotiating better rates based on commitment,CIO, VP Cloud Platforms, Head of SAM/Procurement, Finance IT Director,26,0,26,VP Cloud Platforms,+1-984-656-2904,+1-632-428-3576,contact@velocitysolutionsinc.com,www.velocitysolutionsinc.com,384.00,76.80,57.60,19.97,0.00,19.97,117000,1170,1100,370,280,840,35100,5850,10530,0,0.0,0.0,660,220.0,46080.0,0,0.0,0.0,270,1664.0,0.2,156,5
113,Accelerate Industries Inc.,Leading technology / networking company with operations across Midwest U.S.,HQ: Chicago, IL; operates across Midwest U.S.,Enterprise operations, digital transformation, IT infrastructure, analytics,Technology / Networking,Multi-cloud (AWS + GCP),AWS Services, Microsoft 365, Oracle,Enterprise License Optimization (ELO),Multi-cloud cost optimization and license compliance across distributed systems,Microsoft EA renewal approaching; opportunity to rightsize M365 and Azure subscriptions,CIO, VP Cloud Platforms, Head of SAM/Procurement, Finance IT Director,29,15,44,Chief Technology Officer,+1-991-669-2921,+1-643-447-3599,contact@accelerateindustriesinc.com,www.accelerateindustriesinc.com,391.00,117.30,97.75,34.02,14.66,48.68,118000,1770,1150,380,285,860,59000,11800,14159,0,0.0,0.0,920,230.0,93840.0,0,0.0,0.0,280,4056.6,0.1,159,7
114,Thrive Systems Inc.,Leading technology / semiconductors company with operations across West Coast U.S.,HQ: Los Angeles, CA; operates across West Coast U.S.,Enterprise operations, digital transformation, IT infrastructure, analytics,Technology / Semiconductors,Multi-cloud (Azure + AWS),Microsoft 365, Oracle E-Business Suite, IBM WebSphere,Both (Cloud FinOps + ELO),SAP licensing complexity during cloud transformation; need visibility into actual usage vs. entitlements,Recent Oracle audit notice triggering compliance review and optimization initiative,CIO, VP Cloud Platforms, Head of SAM/Procurement, Finance IT Director,32,20,52,VP Infrastructure,+1-998-682-2938,+1-654-466-3622,contact@thrivesystemsinc.com,www.thrivesystemsinc.com,398.00,159.20,139.30,50.94,27.86,78.80,119000,2380,1200,390,290,880,83300,17849,17850,1199,240.0,63680.0,0,0.0,0.0,0,0.0,0.0,290,6567.0,0.0,162,9
115,Prosper Corporation Inc.,Leading telecommunications company with operations across Pacific Northwest U.S.,HQ: Seattle, WA; operates across Pacific Northwest U.S.,Enterprise operations, digital transformation, IT infrastructure, analytics,Telecommunications,Microsoft Azure,Microsoft 365, SAP S/4HANA,Cloud FinOps,Data-center exit & application migration at scale - cost, performance, governance, and licensing alignment needs,SAP HANA migration and scale-up on Azure,CIO, VP Cloud Platforms, Head of SAM/Procurement, Finance IT Director,35,0,35,VP IT Operations,+1-205-695-2955,+1-665-485-3645,contact@prospercorporationinc.com,www.prospercorporationinc.com,405.00,202.50,182.25,70.87,0.00,70.87,120000,3000,1250,400,295,900,108000,23999,21599,999,250.0,121500.0,0,0.0,0.0,0,0.0,0.0,300,5906.2,0.1,165,1
116,Excel Technologies Inc.,Leading hospitality / travel company with operations across Mid-Atlantic U.S.,HQ: Philadelphia, PA; operates across Mid-Atlantic U.S.,Enterprise operations, digital transformation, IT infrastructure, analytics,Hospitality / Travel,Google Cloud Platform,Microsoft, SAP, IBM Mainframe,Enterprise License Optimization (ELO),Rising cloud costs post-migration; lack of granular cost allocation and chargeback mechanisms,SAP S/4HANA migration project kickoff; re-evaluating license requirements,CIO, VP Cloud Platforms, Head of SAM/Procurement, Finance IT Director,38,10,48,CIO,+1-212-708-2972,+1-676-504-3668,contact@exceltechnologiesinc.com,www.exceltechnologiesinc.com,412.00,82.40,82.40,31.31,8.24,39.55,121000,3629,1300,410,300,920,48400,6050,7260,0,0.0,0.0,0,0.0,0.0,0,0.0,0.0,310,3296.0,0.1,168,3
117,Ascend Solutions Inc.,Leading logistics / transportation company with operations across Southwest U.S.,HQ: Phoenix, AZ; operates across Southwest U.S.,Enterprise operations, digital transformation, IT infrastructure, analytics,Logistics / Transportation,AWS (Amazon Web Services),Oracle Cloud, SAP, Microsoft,Both (Cloud FinOps + ELO),Hybrid infrastructure creating licensing grey areas between on-prem perpetual and cloud subscription models,Oracle license renewal cycle; exploring license buyback and optimization strategies,CIO, VP Cloud Platforms, Head of SAM/Procurement, Finance IT Director,16,15,31,CTO,+1-219-721-2989,+1-687-523-3691,contact@ascendsolutionsinc.com,www.ascendsolutionsinc.com,419.00,125.70,125.70,20.11,18.86,38.97,122000,4269,1350,420,305,940,73200,12200,10979,0,0.0,0.0,1080,270.0,50280.0,0,0.0,0.0,320,3247.3,0.1,171,5
118,Elevate Industries Inc.,Leading pharmaceuticals / healthcare company with operations across South Central U.S.,HQ: Dallas, TX; operates across South Central U.S.,Enterprise operations, digital transformation, IT infrastructure, analytics,Pharmaceuticals / Healthcare,Multi-cloud (AWS + GCP),Microsoft 365, SAP ERP, Oracle Database,Cloud FinOps,Need for scalable, cost-efficient infrastructure for high-volume SAP and automation at scale,Strategic Azure migration with Accenture/Avanade; cloud-first operating model,CIO, VP Cloud Platforms, Head of SAM/Procurement, Finance IT Director,19,0,19,VP Digital,+1-226-734-3006,+1-698-542-3714,contact@elevateindustriesinc.com,www.elevateindustriesinc.com,426.00,170.40,170.40,32.38,0.00,32.38,123000,4919,1400,430,310,960,98400,18450,14760,0,0.0,0.0,840,280.0,102240.0,0,0.0,0.0,330,2698.0,0.1,174,7
119,Rise Systems Inc.,Leading financial services / investment banking company with operations across Northeast U.S.,HQ: Boston, MA; operates across Northeast U.S.,Enterprise operations, digital transformation, IT infrastructure, analytics,Financial Services / Investment Banking,Multi-cloud (Azure + AWS),AWS Services, Microsoft 365, Oracle,Enterprise License Optimization (ELO),Oracle license audit risk; need comprehensive asset management and compliance tracking,Multi-cloud expansion for disaster recovery and workload optimization,CIO, VP Cloud Platforms, Head of SAM/Procurement, Finance IT Director,22,25,47,VP Enterprise Applications,+1-233-747-3023,+1-709-561-3737,contact@risesystemsinc.com,www.risesystemsinc.com,433.00,216.50,64.95,47.63,16.24,63.87,124000,5579,1450,440,315,980,37200,24799,18599,1159,290.0,173200.0,0,0.0,0.0,0,0.0,0.0,340,5322.3,0.1,177,9
120,Peak Corporation Inc.,Leading technology company with operations across Southeast U.S.,HQ: Atlanta, GA; operates across Southeast U.S.,Enterprise operations, digital transformation, IT infrastructure, analytics,Technology,Microsoft Azure,Microsoft 365, SAP ERP, Oracle Database,Both (Cloud FinOps + ELO),Modernizing legacy ERP/network; Need agility/visibility for global manufacturing and planning,SAP-to-Azure migration; adoption of SAP IBP & Azure ML/IoT in smart factories,CIO, VP Cloud Platforms, Head of SAM/Procurement, Finance IT Director,25,10,35,VP Cloud Platforms,+1-240-760-3040,+1-720-580-3760,contact@peakcorporationinc.com,www.peakcorporationinc.com,440.00,264.00,110.00,66.00,11.00,77.00,125000,6249,1500,450,20,1000,62500,31249,22499,1499,300.0,105600.0,0,0.0,0.0,0,0.0,0.0,50,6416.7,0.0,0,1
121,Summit Technologies Inc.,Leading manufacturing company with operations across Northeast U.S.,HQ: New York, NY; operates across Northeast U.S.,Enterprise operations, digital transformation, IT infrastructure, analytics,Manufacturing,Google Cloud Platform,Oracle Cloud, SAP, Microsoft,Cloud FinOps,Managing legacy Oracle licenses while migrating to cloud; compliance and cost visibility gaps,Strategic Azure partnership to migrate data estate and SAP; Azure ML deployment in U.S. markets,CIO, VP Cloud Platforms, Head of SAM/Procurement, Finance IT Director,28,0,28,Chief Technology Officer,+1-247-773-3057,+1-731-599-3783,contact@summittechnologiesinc.com,www.summittechnologiesinc.com,447.00,134.10,156.45,37.55,0.00,37.55,126000,1889,1550,460,25,1020,88200,12600,7560,0,0.0,0.0,0,0.0,0.0,0,0.0,0.0,60,3129.0,0.0,3,3
122,Crest Solutions Inc.,Leading healthcare company with operations across South Central U.S.,HQ: Houston, TX; operates across South Central U.S.,Enterprise operations, digital transformation, IT infrastructure, analytics,Healthcare,AWS (Amazon Web Services),Microsoft 365, SAP HANA, Power Platform,Enterprise License Optimization (ELO),Managing massive data/analytics workloads and modernizing ERP; Need cost control & governance at scale,AWS Enterprise Agreement renewal; negotiating better rates based on commitment,CIO, VP Cloud Platforms, Head of SAM/Procurement, Finance IT Director,31,20,51,VP Infrastructure,+1-254-786-3074,+1-742-618-3806,contact@crestsolutionsinc.com,www.crestsolutionsinc.com,454.00,181.60,204.30,56.30,40.86,97.16,127000,2539,1600,470,30,1040,114300,19050,11429,0,0.0,0.0,960,320.0,145280.0,0,0.0,0.0,70,8096.3,0.0,6,5
123,Crown Industries Inc.,Leading retail / consumer goods company with operations across Midwest U.S.,HQ: Chicago, IL; operates across Midwest U.S.,Enterprise operations, digital transformation, IT infrastructure, analytics,Retail / Consumer Goods,Multi-cloud (AWS + GCP),AWS Services, Microsoft 365, Oracle,Both (Cloud FinOps + ELO),Multi-cloud cost optimization and license compliance across distributed systems,Microsoft EA renewal approaching; opportunity to rightsize M365 and Azure subscriptions,CIO, VP Cloud Platforms, Head of SAM/Procurement, Finance IT Director,34,25,59,VP IT Operations,+1-261-799-3091,+1-753-637-3829,contact@crownindustriesinc.com,www.crownindustriesinc.com,461.00,230.50,92.20,78.37,23.05,101.42,128000,3199,1650,480,35,1060,51200,25600,15360,0,0.0,0.0,1320,330.0,92200.0,0,0.0,0.0,80,8451.7,0.0,9,7
124,Royal Systems Inc.,Leading food & beverage company with operations across West Coast U.S.,HQ: Los Angeles, CA; operates across West Coast U.S.,Enterprise operations, digital transformation, IT infrastructure, analytics,Food & Beverage,Multi-cloud (Azure + AWS),Microsoft 365, Oracle E-Business Suite, IBM WebSphere,Cloud FinOps,SAP licensing complexity during cloud transformation; need visibility into actual usage vs. entitlements,Recent Oracle audit notice triggering compliance review and optimization initiative,CIO, VP Cloud Platforms, Head of SAM/Procurement, Finance IT Director,37,0,37,CIO,+1-268-812-3108,+1-764-656-3852,contact@royalsystemsinc.com,www.royalsystemsinc.com,468.00,280.80,140.40,103.90,0.00,103.90,129000,3869,1700,490,40,1080,77400,32249,19349,1699,340.0,168480.0,0,0.0,0.0,0,0.0,0.0,90,8658.0,0.0,12,9
125,Noble Corporation Inc.,Leading food & beverage / cpg company with operations across Pacific Northwest U.S.,HQ: Seattle, WA; operates across Pacific Northwest U.S.,Enterprise operations, digital transformation, IT infrastructure, analytics,Food & Beverage / CPG,Microsoft Azure,Microsoft 365, SAP S/4HANA,Enterprise License Optimization (ELO),Data-center exit & application migration at scale - cost, performance, governance, and licensing alignment needs,SAP HANA migration and scale-up on Azure,CIO, VP Cloud Platforms, Head of SAM/Procurement, Finance IT Director,15,15,30,CTO,+1-275-825-3125,+1-775-675-3875,contact@noblecorporationinc.com,www.noblecorporationinc.com,475.00,142.50,190.00,21.37,28.50,49.88,130000,4549,1750,500,45,1100,104000,12999,3900,1399,350.0,114000.0,0,0.0,0.0,0,0.0,0.0,100,4156.3,0.0,15,1
126,Prestige Technologies Inc.,Leading energy / oil & gas services company with operations across Mid-Atlantic U.S.,HQ: Philadelphia, PA; operates across Mid-Atlantic U.S.,Enterprise operations, digital transformation, IT infrastructure, analytics,Energy / Oil & Gas Services,Google Cloud Platform,Microsoft, SAP, IBM Mainframe,Both (Cloud FinOps + ELO),Rising cloud costs post-migration; lack of granular cost allocation and chargeback mechanisms,SAP S/4HANA migration project kickoff; re-evaluating license requirements,CIO, VP Cloud Platforms, Head of SAM/Procurement, Finance IT Director,18,20,38,VP Digital,+1-282-838-3142,+1-786-694-3898,contact@prestigetechnologiesinc.com,www.prestigetechnologiesinc.com,482.00,192.80,72.30,34.70,14.46,49.16,131000,5239,1800,510,50,1120,39300,19650,7859,0,0.0,0.0,0,0.0,0.0,0,0.0,0.0,110,4097.0,0.0,18,3
127,Elite Solutions Inc.,Leading industrial manufacturing company with operations across Southwest U.S.,HQ: Phoenix, AZ; operates across Southwest U.S.,Enterprise operations, digital transformation, IT infrastructure, analytics,Industrial Manufacturing,AWS (Amazon Web Services),Oracle Cloud, SAP, Microsoft,Cloud FinOps,Hybrid infrastructure creating licensing grey areas between on-prem perpetual and cloud subscription models,Oracle license renewal cycle; exploring license buyback and optimization strategies,CIO, VP Cloud Platforms, Head of SAM/Procurement, Finance IT Director,21,0,21,VP Enterprise Applications,+1-289-851-3159,+1-797-713-3921,contact@elitesolutionsinc.com,www.elitesolutionsinc.com,489.00,244.50,122.25,51.35,0.00,51.35,132000,5940,1850,520,55,1140,66000,26400,11880,0,0.0,0.0,1480,370.0,146700.0,0,0.0,0.0,120,4278.8,0.0,21,5
128,Premium Industries Inc.,Leading consumer goods / cpg company with operations across South Central U.S.,HQ: Dallas, TX; operates across South Central U.S.,Enterprise operations, digital transformation, IT infrastructure, analytics,Consumer Goods / CPG,Multi-cloud (AWS + GCP),Microsoft 365, SAP ERP, Oracle Database,Enterprise License Optimization (ELO),Need for scalable, cost-efficient infrastructure for high-volume SAP and automation at scale,Strategic Azure migration with Accenture/Avanade; cloud-first operating model,CIO, VP Cloud Platforms, Head of SAM/Procurement, Finance IT Director,24,10,34,VP Cloud Platforms,+1-296-864-3176,+1-808-732-3944,contact@premiumindustriesinc.com,www.premiumindustriesinc.com,496.00,99.20,173.60,23.81,17.36,41.17,133000,1330,1900,530,60,1160,93100,6650,15960,0,0.0,0.0,1140,380.0,79360.0,0,0.0,0.0,130,3430.7,0.0,24,7
129,Select Systems Inc.,Leading healthcare / pharmaceuticals company with operations across Northeast U.S.,HQ: Boston, MA; operates across Northeast U.S.,Enterprise operations, digital transformation, IT infrastructure, analytics,Healthcare / Pharmaceuticals,Multi-cloud (Azure + AWS),AWS Services, Microsoft 365, Oracle,Both (Cloud FinOps + ELO),Oracle license audit risk; need comprehensive asset management and compliance tracking,Multi-cloud expansion for disaster recovery and workload optimization,CIO, VP Cloud Platforms, Head of SAM/Procurement, Finance IT Director,27,15,42,Chief Technology Officer,+1-303-877-3193,+1-819-751-3967,contact@selectsystemsinc.com,www.selectsystemsinc.com,53.00,15.90,23.85,4.29,3.58,7.87,134000,2010,1950,540,65,1180,120600,13399,20099,1559,390.0,6360.0,0,0.0,0.0,0,0.0,0.0,140,655.9,0.2,27,9
130,Prime Corporation Inc.,Leading retail / e-commerce company with operations across Southeast U.S.,HQ: Atlanta, GA; operates across Southeast U.S.,Enterprise operations, digital transformation, IT infrastructure, analytics,Retail / E-commerce,Microsoft Azure,Microsoft 365, SAP ERP, Oracle Database,Cloud FinOps,Modernizing legacy ERP/network; Need agility/visibility for global manufacturing and planning,SAP-to-Azure migration; adoption of SAP IBP & Azure ML/IoT in smart factories,CIO, VP Cloud Platforms, Head of SAM/Procurement, Finance IT Director,30,0,30,VP Infrastructure,+1-310-890-3210,+1-830-770-3990,contact@primecorporationinc.com,www.primecorporationinc.com,60.00,24.00,12.00,7.20,0.00,7.20,135000,2700,2000,550,70,1200,54000,20249,4050,1999,400.0,14400.0,0,0.0,0.0,0,0.0,0.0,150,600.0,0.3,30,1